distance,troughput,server_troughput,calculation_start_after_app,runtime,total_packet_count_received,signal_mean,noise,signal_varianz
1,74.988,74.9893,0,37,239186,-39,-90,0
2,74.988,74.9893,0,37,239186,-39,-90,0
3,74.988,74.9893,0,37,239186,-39,-90,0
4,74.988,74.9893,0,37,239186,-39,-90,0
5,74.988,74.9893,0,37,239186,-39,-90,0
6,74.988,74.9893,0,37,239186,-39,-90,0
7,74.988,74.9893,0,37,239186,-39,-90,0
8,74.988,74.9893,0,37,239186,-39,-90,0
9,74.988,74.9893,0,37,239186,-39,-90,0
10,74.988,74.9893,0,37,239186,-39,-90,0
11,74.988,74.9893,0,37,239186,-39,-90,0
12,74.988,74.9893,0,37,239186,-39,-90,0
13,74.988,74.9893,0,37,239186,-39,-90,0
14,74.988,74.9893,0,37,239186,-39,-90,0
15,74.988,74.9893,0,37,239186,-39,-90,0
16,74.988,74.9893,0,37,239186,-39,-90,0
17,74.988,74.9893,0,37,239186,-39,-90,0
18,74.988,74.9893,0,37,239186,-39,-90,0
19,74.988,74.9893,0,37,239186,-39,-90,0
20,74.988,74.9893,0,37,239186,-39,-90,0
21,74.988,74.9893,0,37,239186,-39,-90,0
22,74.988,74.9893,0,37,239186,-39,-90,0
23,74.988,74.9893,0,37,239186,-39,-90,0
24,74.988,74.9893,0,37,239186,-39,-90,0
25,74.988,74.9893,0,37,239186,-39,-90,0
26,74.988,74.9893,0,37,239186,-39,-90,0
27,74.988,74.9893,0,37,239186,-39,-90,0
28,74.988,74.9893,0,37,239186,-39,-90,0
29,74.988,74.9893,0,37,239186,-39,-90,0
30,74.988,74.9893,0,37,239186,-39,-90,0
31,74.988,74.9893,0,37,239186,-39,-90,0
32,74.988,74.9893,0,37,239186,-39,-90,0
33,74.988,74.9893,0,37,239186,-39,-90,0
34,74.988,74.9893,0,37,239186,-39,-90,0
35,74.988,74.9893,0,37,239186,-39,-90,0
36,74.988,74.9893,0,37,239186,-39,-90,0
37,74.988,74.9893,0,37,239186,-39,-90,0
38,74.988,74.9893,0,37,239186,-39,-90,0
39,74.988,74.9893,0,37,239186,-39,-90,0
40,74.988,74.9893,0,37,239186,-39,-90,0
41,74.988,74.9893,0,37,239186,-39,-90,0
42,74.988,74.9893,0,37,239186,-39,-90,0
43,74.988,74.9893,0,37,239186,-39,-90,0
44,74.988,74.9893,0,37,239186,-39,-90,0
45,74.988,74.9893,0,37,239186,-39,-90,0
46,74.988,74.9893,0,37,239186,-39,-90,0
47,74.988,74.9893,0,37,239186,-39,-90,0
48,74.988,74.9893,0,37,239186,-39,-90,0
49,74.988,74.9893,0,37,239186,-39,-90,0
50,74.988,74.9893,0,37,239186,-39,-90,0
51,74.988,74.9893,0,37,239186,-39,-90,0
52,74.988,74.9893,0,37,239186,-39,-90,0
53,74.988,74.9893,0,37,239186,-39,-90,0
54,74.988,74.9893,0,37,239186,-39,-90,0
55,74.988,74.9893,0,37,239186,-39,-90,0
56,74.988,74.9893,0,37,239186,-39,-90,0
57,74.988,74.9893,0,37,239186,-39,-90,0
58,74.988,74.9893,0,37,239186,-39,-90,0
59,74.988,74.9893,0,37,239186,-39,-90,0
60,74.988,74.9893,0,37,239186,-39,-90,0
61,74.988,74.9893,0,37,239186,-39,-90,0
62,74.988,74.9893,0,37,239186,-39,-90,0
63,74.988,74.9893,0,37,239186,-39,-90,0
64,74.988,74.9893,0,37,239186,-39,-90,0
65,74.988,74.9893,0,37,239186,-39,-90,0
66,74.988,74.9893,0,37,239186,-39,-90,0
67,74.988,74.9893,0,37,239186,-39,-90,0
68,74.988,74.9893,0,37,239186,-39,-90,0
69,74.988,74.9893,0,37,239186,-39,-90,0
70,74.988,74.9893,0,37,239186,-39,-90,0
71,74.988,74.9893,0,37,239186,-39,-90,0
72,74.988,74.9893,0,37,239186,-39,-90,0
73,74.988,74.9893,0,37,239186,-39,-90,0
74,74.988,74.9893,0,37,239186,-39,-90,0
75,74.988,74.9893,0,37,239186,-39,-90,0
76,74.988,74.9893,0,37,239186,-39,-90,0
77,74.988,74.9893,0,37,239186,-39,-90,0
78,74.988,74.9893,0,37,239186,-39,-90,0
79,74.988,74.9893,0,37,239186,-39,-90,0
80,74.988,74.9893,0,37,239186,-39,-90,0
81,74.988,74.9893,0,37,239186,-39,-90,0
82,74.988,74.9893,0,37,239186,-39,-90,0
83,74.988,74.9893,0,37,239186,-39,-90,0
84,74.988,74.9893,0,37,239186,-39,-90,0
85,74.988,74.9893,0,37,239186,-39,-90,0
86,74.988,74.9893,0,37,239186,-39,-90,0
87,74.988,74.9893,0,37,239186,-39,-90,0
88,74.988,74.9893,0,37,239186,-39,-90,0
89,74.988,74.9893,0,37,239186,-39,-90,0
90,74.988,74.9893,0,37,239186,-39,-90,0
91,74.988,74.9893,0,37,239186,-39,-90,0
92,74.988,74.9893,0,37,239186,-39,-90,0
93,74.988,74.9893,0,37,239186,-39,-90,0
94,74.988,74.9893,0,37,239186,-39,-90,0
95,74.988,74.9893,0,37,239186,-39,-90,0
96,74.988,74.9893,0,37,239186,-39,-90,0
97,74.988,74.9893,0,37,239186,-39,-90,0
98,74.988,74.9893,0,37,239186,-39,-90,0
99,74.988,74.9893,0,37,239186,-39,-90,0
100,74.988,74.9893,0,37,239186,-39,-90,0
101,74.988,74.9893,0,37,239186,-39,-90,0
102,74.988,74.9893,0,37,239186,-39,-90,0
103,74.988,74.9893,0,37,239186,-39,-90,0
104,74.988,74.9893,0,37,239186,-39,-90,0
105,74.988,74.9893,0,37,239186,-39,-90,0
106,74.988,74.9893,0,37,239186,-39,-90,0
107,74.988,74.9893,0,37,239186,-39,-90,0
108,74.988,74.9893,0,37,239186,-39,-90,0
109,74.988,74.9893,0,37,239186,-39,-90,0
110,74.988,74.9893,0,37,239186,-39,-90,0
111,74.988,74.9893,0,37,239186,-39,-90,0
112,74.988,74.9893,0,37,239186,-39,-90,0
113,74.988,74.9893,0,37,239186,-39,-90,0
114,74.988,74.9893,0,37,239186,-39,-90,0
115,74.988,74.9893,0,37,239186,-39,-90,0
116,74.988,74.9893,0,37,239186,-39,-90,0
117,74.988,74.9893,0,37,239186,-39,-90,0
118,74.988,74.9893,0,37,239186,-39,-90,0
119,74.988,74.9893,0,37,239186,-39,-90,0
120,74.988,74.9893,0,37,239186,-39,-90,0
121,74.988,74.9893,0,37,239186,-39,-90,0
122,74.988,74.9893,0,37,239186,-39,-90,0
123,74.988,74.9893,0,37,239186,-39,-90,0
124,74.988,74.9893,0,37,239186,-39,-90,0
125,74.988,74.9893,0,37,239186,-39,-90,0
126,74.988,74.9893,0,37,239186,-39,-90,0
127,74.988,74.9893,0,37,239186,-39,-90,0
128,74.988,74.9893,0,37,239186,-39,-90,0
129,74.988,74.9893,0,37,239186,-39,-90,0
130,74.988,74.9893,0,37,239186,-39,-90,0
131,74.988,74.9893,0,37,239186,-39,-90,0
132,74.988,74.9893,0,37,239186,-39,-90,0
133,74.988,74.9893,0,37,239186,-39,-90,0
134,74.988,74.9893,0,37,239186,-39,-90,0
135,74.988,74.9893,0,37,239186,-39,-90,0
136,74.988,74.9893,0,37,239186,-39,-90,0
137,74.988,74.9893,0,37,239186,-39,-90,0
138,74.988,74.9893,0,37,239186,-39,-90,0
139,74.988,74.9893,0,37,239186,-39,-90,0
140,74.988,74.9893,0,37,239186,-39,-90,0
141,74.988,74.9893,0,37,239186,-39,-90,0
142,74.988,74.9893,0,37,239186,-39,-90,0
143,74.988,74.9893,0,37,239186,-39,-90,0
144,74.988,74.9893,0,37,239186,-39,-90,0
145,74.988,74.9893,0,37,239186,-39,-90,0
146,74.988,74.9893,0,37,239186,-39,-90,0
147,74.988,74.9893,0,37,239186,-39,-90,0
148,74.988,74.9893,0,37,239186,-39,-90,0
149,74.988,74.9893,0,37,239186,-39,-90,0
150,74.988,74.9893,0,37,239186,-39,-90,0
151,74.988,74.9893,0,37,239186,-39,-90,0
152,74.988,74.9893,0,37,239186,-39,-90,0
153,74.988,74.9893,0,37,239186,-39,-90,0
154,74.988,74.9893,0,37,239186,-39,-90,0
155,74.988,74.9893,0,37,239186,-39,-90,0
156,74.988,74.9893,0,37,239186,-39,-90,0
157,74.988,74.9893,0,37,239186,-39,-90,0
158,74.988,74.9893,0,37,239186,-39,-90,0
159,74.988,74.9893,0,37,239186,-39,-90,0
160,74.988,74.9893,0,37,239186,-39,-90,0
161,74.988,74.9893,0,37,239186,-39,-90,0
162,74.988,74.9893,0,37,239186,-39,-90,0
163,74.988,74.9893,0,37,239186,-39,-90,0
164,74.988,74.9893,0,37,239186,-39,-90,0
165,74.988,74.9893,0,37,239186,-39,-90,0
166,74.988,74.9893,0,37,239186,-39,-90,0
167,74.988,74.9893,0,37,239186,-39,-90,0
168,74.988,74.9893,0,37,239186,-39,-90,0
169,74.988,74.9893,0,37,239186,-39,-90,0
170,74.988,74.9893,0,37,239186,-39,-90,0
171,74.988,74.9893,0,37,239186,-39,-90,0
172,74.988,74.9893,0,37,239186,-39,-90,0
173,74.988,74.9893,0,37,239186,-39,-90,0
174,74.988,74.9893,0,37,239186,-39,-90,0
175,74.988,74.9893,0,37,239186,-39,-90,0
176,74.988,74.9893,0,37,239186,-39,-90,0
177,74.988,74.9893,0,37,239186,-39,-90,0
178,74.988,74.9893,0,37,239186,-39,-90,0
179,74.988,74.9893,0,37,239186,-39,-90,0
180,74.988,74.9893,0,37,239186,-39,-90,0
181,74.988,74.9893,0,37,239186,-39,-90,0
182,74.988,74.9893,0,37,239186,-39,-90,0
183,74.988,74.9893,0,37,239186,-39,-90,0
184,74.988,74.9893,0,37,239186,-39,-90,0
185,74.988,74.9893,0,37,239186,-39,-90,0
186,74.988,74.9893,0,37,239186,-39,-90,0
187,74.988,74.9893,0,37,239186,-39,-90,0
188,74.988,74.9893,0,37,239186,-39,-90,0
189,74.988,74.9893,0,37,239186,-39,-90,0
190,74.988,74.9893,0,37,239186,-39,-90,0
191,74.988,74.9893,0,37,239186,-39,-90,0
192,74.988,74.9893,0,37,239186,-39,-90,0
193,74.988,74.9893,0,37,239186,-39,-90,0
194,74.988,74.9893,0,37,239186,-39,-90,0
195,74.988,74.9893,0,37,239186,-39,-90,0
196,74.988,74.9893,0,37,239186,-39,-90,0
197,74.988,74.9893,0,37,239186,-39,-90,0
198,74.988,74.9893,0,37,239186,-39,-90,0
199,74.988,74.9893,0,37,239186,-39,-90,0
200,74.988,74.9893,0,37,239186,-39,-90,0
201,74.988,74.9893,0,37,239186,-39,-90,0
202,74.988,74.9893,0,37,239186,-39,-90,0
203,74.988,74.9893,0,37,239186,-39,-90,0
204,74.988,74.9893,0,37,239186,-39,-90,0
205,74.988,74.9893,0,37,239186,-39,-90,0
206,74.988,74.9893,0,37,239186,-39,-90,0
207,74.988,74.9893,0,37,239186,-39,-90,0
208,74.988,74.9893,0,37,239186,-39,-90,0
209,74.988,74.9893,0,37,239186,-39,-90,0
210,74.988,74.9893,0,37,239186,-39,-90,0
211,74.988,74.9893,0,37,239186,-39,-90,0
212,74.988,74.9893,0,37,239186,-39,-90,0
213,74.988,74.9893,0,37,239186,-39,-90,0
214,74.988,74.9893,0,37,239186,-39,-90,0
215,74.988,74.9893,0,37,239186,-39,-90,0
216,74.988,74.9893,0,37,239186,-39,-90,0
217,74.988,74.9893,0,37,239186,-39,-90,0
218,74.988,74.9893,0,37,239186,-39,-90,0
219,74.988,74.9893,0,37,239186,-39,-90,0
220,74.988,74.9893,0,37,239186,-39,-90,0
221,74.988,74.9893,0,37,239186,-39,-90,0
222,74.988,74.9893,0,37,239186,-39,-90,0
223,74.988,74.9893,0,37,239186,-39,-90,0
224,74.988,74.9893,0,37,239186,-39,-90,0
225,74.988,74.9893,0,37,239186,-39,-90,0
226,74.988,74.9893,0,37,239186,-39,-90,0
227,74.988,74.9893,0,37,239186,-39,-90,0
228,74.988,74.9893,0,37,239186,-39,-90,0
229,74.988,74.9893,0,37,239186,-39,-90,0
230,74.988,74.9893,0,37,239186,-39,-90,0
231,74.988,74.9893,0,37,239186,-39,-90,0
232,74.988,74.9893,0,37,239186,-39,-90,0
233,74.988,74.9893,0,37,239186,-39,-90,0
234,74.988,74.9893,0,37,239186,-39,-90,0
235,74.988,74.9893,0,37,239186,-39,-90,0
236,74.988,74.9893,0,37,239186,-39,-90,0
237,74.988,74.9893,0,37,239186,-39,-90,0
238,74.988,74.9893,0,37,239186,-39,-90,0
239,74.988,74.9893,0,37,239186,-39,-90,0
240,74.988,74.9893,0,37,239186,-39,-90,0
241,74.988,74.9893,0,37,239186,-39,-90,0
242,74.988,74.9893,0,37,239186,-39,-90,0
243,74.988,74.9893,0,37,239186,-39,-90,0
244,74.988,74.9893,0,37,239186,-39,-90,0
245,74.988,74.9893,0,37,239186,-39,-90,0
246,74.988,74.9893,0,37,239186,-39,-90,0
247,74.988,74.9893,0,37,239186,-39,-90,0
248,74.988,74.9893,0,37,239186,-39,-90,0
249,74.988,74.9893,0,37,239186,-39,-90,0
250,74.988,74.9893,0,37,239186,-39,-90,0
251,74.988,74.9893,0,37,239186,-39,-90,0
252,74.988,74.9893,0,37,239186,-39,-90,0
253,74.988,74.9893,0,37,239186,-39,-90,0
254,74.988,74.9893,0,37,239186,-39,-90,0
255,74.988,74.9893,0,37,239186,-39,-90,0
256,74.988,74.9893,0,37,239186,-39,-90,0
257,74.988,74.9893,0,37,239186,-39,-90,0
258,74.988,74.9893,0,37,239186,-39,-90,0
259,74.988,74.9893,0,37,239186,-39,-90,0
260,74.988,74.9893,0,37,239186,-39,-90,0
261,74.988,74.9893,0,37,239186,-39,-90,0
262,74.988,74.9893,0,37,239186,-39,-90,0
263,74.988,74.9893,0,37,239186,-39,-90,0
264,74.988,74.9893,0,37,239186,-39,-90,0
265,74.988,74.9893,0,37,239186,-39,-90,0
266,74.988,74.9893,0,37,239186,-39,-90,0
267,74.988,74.9893,0,37,239186,-39,-90,0
268,74.988,74.9893,0,37,239186,-39,-90,0
269,74.988,74.9893,0,37,239186,-39,-90,0
270,74.988,74.9893,0,37,239186,-39,-90,0
271,74.988,74.9893,0,37,239186,-39,-90,0
272,74.988,74.9893,0,37,239186,-39,-90,0
273,74.988,74.9893,0,37,239186,-39,-90,0
274,74.988,74.9893,0,37,239186,-39,-90,0
275,74.988,74.9893,0,37,239186,-39,-90,0
276,74.988,74.9893,0,37,239186,-39,-90,0
277,74.988,74.9893,0,37,239186,-39,-90,0
278,74.988,74.9893,0,37,239186,-39,-90,0
279,74.988,74.9893,0,37,239186,-39,-90,0
280,74.988,74.9893,0,37,239186,-39,-90,0
281,74.988,74.9893,0,37,239186,-39,-90,0
282,74.988,74.9893,0,37,239186,-39,-90,0
283,74.988,74.9893,0,37,239186,-39,-90,0
284,74.988,74.9893,0,37,239186,-39,-90,0
285,74.988,74.9893,0,37,239186,-39,-90,0
286,74.988,74.9893,0,37,239186,-39,-90,0
287,74.988,74.9893,0,37,239186,-39,-90,0
288,74.988,74.9893,0,37,239186,-39,-90,0
289,74.988,74.9893,0,37,239186,-39,-90,0
290,74.988,74.9893,0,37,239186,-39,-90,0
291,74.988,74.9893,0,37,239186,-39,-90,0
292,74.988,74.9893,0,37,239186,-39,-90,0
293,74.988,74.9893,0,37,239186,-39,-90,0
294,74.988,74.9893,0,37,239186,-39,-90,0
295,74.988,74.9893,0,37,239186,-39,-90,0
296,74.988,74.9893,0,37,239186,-39,-90,0
297,74.988,74.9893,0,37,239186,-39,-90,0
298,74.988,74.9893,0,37,239186,-39,-90,0
299,74.988,74.9893,0,37,239186,-39,-90,0
300,74.988,74.9893,0,37,239186,-39,-90,0
301,74.988,74.9893,0,37,239186,-39,-90,0
302,74.988,74.9893,0,37,239186,-39,-90,0
303,74.988,74.9893,0,37,239186,-39,-90,0
304,74.988,74.9893,0,37,239186,-39,-90,0
305,74.988,74.9893,0,37,239186,-39,-90,0
306,74.988,74.9893,0,37,239186,-39,-90,0
307,74.988,74.9893,0,37,239186,-39,-90,0
308,74.988,74.9893,0,37,239186,-39,-90,0
309,74.988,74.9893,0,37,239186,-39,-90,0
310,74.988,74.9893,0,37,239186,-39,-90,0
311,74.988,74.9893,0,37,239186,-39,-90,0
312,74.988,74.9893,0,37,239186,-39,-90,0
313,74.988,74.9893,0,37,239186,-39,-90,0
314,74.988,74.9893,0,37,239186,-39,-90,0
315,74.988,74.9893,0,37,239186,-39,-90,0
316,74.988,74.9893,0,37,239186,-39,-90,0
317,74.988,74.9893,0,37,239186,-39,-90,0
318,74.988,74.9893,0,37,239186,-39,-90,0
319,74.988,74.9893,0,37,239186,-39,-90,0
320,74.988,74.9893,0,37,239186,-39,-90,0
321,74.988,74.9893,0,37,239186,-39,-90,0
322,74.988,74.9893,0,37,239186,-39,-90,0
323,74.988,74.9893,0,37,239186,-39,-90,0
324,74.988,74.9893,0,37,239186,-39,-90,0
325,74.988,74.9893,0,37,239186,-39,-90,0
326,74.988,74.9893,0,37,239186,-39,-90,0
327,74.988,74.9893,0,37,239186,-39,-90,0
328,74.988,74.9893,0,37,239186,-39,-90,0
329,74.988,74.9893,0,37,239186,-39,-90,0
330,74.988,74.9893,0,37,239186,-39,-90,0
331,74.988,74.9893,0,37,239186,-39,-90,0
332,74.988,74.9893,0,37,239186,-39,-90,0
333,74.988,74.9893,0,37,239186,-39,-90,0
334,74.988,74.9893,0,37,239186,-39,-90,0
335,74.988,74.9893,0,37,239186,-39,-90,0
336,74.988,74.9893,0,37,239186,-39,-90,0
337,74.988,74.9893,0,37,239186,-39,-90,0
338,74.988,74.9893,0,37,239186,-39,-90,0
339,74.988,74.9893,0,37,239186,-39,-90,0
340,74.988,74.9893,0,37,239186,-39,-90,0
341,74.988,74.9893,0,37,239186,-39,-90,0
342,74.988,74.9893,0,37,239186,-39,-90,0
343,74.988,74.9893,0,37,239186,-39,-90,0
344,74.988,74.9893,0,37,239186,-39,-90,0
345,74.988,74.9893,0,37,239186,-39,-90,0
346,74.988,74.9893,0,37,239186,-39,-90,0
347,74.988,74.9893,0,37,239186,-39,-90,0
348,74.988,74.9893,0,37,239186,-39,-90,0
349,74.988,74.9893,0,37,239186,-39,-90,0
350,74.988,74.9893,0,37,239186,-39,-90,0
351,74.988,74.9893,0,37,239186,-39,-90,0
352,74.988,74.9893,0,37,239186,-39,-90,0
353,74.988,74.9893,0,37,239186,-39,-90,0
354,74.988,74.9893,0,37,239186,-39,-90,0
355,74.988,74.9893,0,37,239186,-39,-90,0
356,74.988,74.9893,0,37,239186,-39,-90,0
357,74.988,74.9893,0,37,239186,-39,-90,0
358,74.988,74.9893,0,37,239186,-39,-90,0
359,74.988,74.9893,0,37,239186,-39,-90,0
360,74.988,74.9893,0,37,239186,-39,-90,0
361,74.988,74.9893,0,37,239186,-39,-90,0
362,74.988,74.9893,0,37,239186,-39,-90,0
363,74.988,74.9893,0,37,239186,-39,-90,0
364,74.988,74.9893,0,37,239186,-39,-90,0
365,74.988,74.9893,0,37,239186,-39,-90,0
366,74.988,74.9893,0,37,239186,-39,-90,0
367,74.988,74.9893,0,37,239186,-39,-90,0
368,74.988,74.9893,0,37,239186,-39,-90,0
369,74.988,74.9893,0,37,239186,-39,-90,0
370,74.988,74.9893,0,37,239186,-39,-90,0
371,74.988,74.9893,0,37,239186,-39,-90,0
372,74.988,74.9893,0,37,239186,-39,-90,0
373,74.988,74.9893,0,37,239186,-39,-90,0
374,74.988,74.9893,0,37,239186,-39,-90,0
375,74.988,74.9893,0,37,239186,-39,-90,0
376,74.988,74.9893,0,37,239186,-39,-90,0
377,74.988,74.9893,0,37,239186,-39,-90,0
378,74.988,74.9893,0,37,239186,-39,-90,0
379,74.988,74.9893,0,37,239186,-39,-90,0
380,74.988,74.9893,0,37,239186,-39,-90,0
381,74.988,74.9893,0,37,239186,-39,-90,0
382,74.988,74.9893,0,37,239186,-39,-90,0
383,74.988,74.9893,0,37,239186,-39,-90,0
384,74.988,74.9893,0,37,239186,-39,-90,0
385,74.988,74.9893,0,37,239186,-39,-90,0
386,74.988,74.9893,0,37,239186,-39,-90,0
387,74.988,74.9893,0,37,239186,-39,-90,0
388,74.988,74.9893,0,37,239186,-39,-90,0
389,74.988,74.9893,0,37,239186,-39,-90,0
390,74.988,74.9893,0,37,239186,-39,-90,0
391,74.988,74.9893,0,37,239186,-39,-90,0
392,74.988,74.9893,0,37,239186,-39,-90,0
393,74.988,74.9893,0,37,239186,-39,-90,0
394,74.988,74.9893,0,37,239186,-39,-90,0
395,74.988,74.9893,0,37,239186,-39,-90,0
396,74.988,74.9893,0,37,239186,-39,-90,0
397,74.988,74.9893,0,37,239186,-39,-90,0
398,74.988,74.9893,0,37,239186,-39,-90,0
399,74.988,74.9893,0,37,239186,-39,-90,0
400,74.988,74.9893,0,37,239186,-39,-90,0
401,74.988,74.9893,0,37,239186,-39,-90,0
402,74.988,74.9893,0,37,239186,-39,-90,0
403,74.988,74.9893,0,37,239186,-39,-90,0
404,74.988,74.9893,0,37,239186,-39,-90,0
405,74.988,74.9893,0,37,239186,-39,-90,0
406,74.988,74.9893,0,37,239186,-39,-90,0
407,74.988,74.9893,0,37,239186,-39,-90,0
408,74.988,74.9893,0,37,239186,-39,-90,0
409,74.988,74.9893,0,37,239186,-39,-90,0
410,74.988,74.9893,0,37,239186,-39,-90,0
411,74.988,74.9893,0,37,239186,-39,-90,0
412,74.988,74.9893,0,37,239186,-39,-90,0
413,74.988,74.9893,0,37,239186,-39,-90,0
414,74.988,74.9893,0,37,239186,-39,-90,0
415,74.988,74.9893,0,37,239186,-39,-90,0
416,74.988,74.9893,0,37,239186,-39,-90,0
417,74.988,74.9893,0,37,239186,-39,-90,0
418,74.988,74.9893,0,37,239186,-39,-90,0
419,74.988,74.9893,0,37,239186,-39,-90,0
420,74.988,74.9893,0,37,239186,-39,-90,0
421,74.988,74.9893,0,37,239186,-39,-90,0
422,74.988,74.9893,0,37,239186,-39,-90,0
423,74.988,74.9893,0,37,239186,-39,-90,0
424,74.988,74.9893,0,37,239186,-39,-90,0
425,74.988,74.9893,0,37,239186,-39,-90,0
426,74.988,74.9893,0,37,239186,-39,-90,0
427,74.988,74.9893,0,37,239186,-39,-90,0
428,74.988,74.9893,0,37,239186,-39,-90,0
429,74.988,74.9893,0,37,239186,-39,-90,0
430,74.988,74.9893,0,37,239186,-39,-90,0
431,74.988,74.9893,0,37,239186,-39,-90,0
432,74.988,74.9893,0,37,239186,-39,-90,0
433,74.988,74.9893,0,37,239186,-39,-90,0
434,74.988,74.9893,0,37,239186,-39,-90,0
435,74.988,74.9893,0,37,239186,-39,-90,0
436,74.988,74.9893,0,37,239186,-39,-90,0
437,74.988,74.9893,0,37,239186,-39,-90,0
438,74.988,74.9893,0,37,239186,-39,-90,0
439,74.988,74.9893,0,37,239186,-39,-90,0
440,74.988,74.9893,0,37,239186,-39,-90,0
441,74.988,74.9893,0,37,239186,-39,-90,0
442,74.988,74.9893,0,37,239186,-39,-90,0
443,74.988,74.9893,0,37,239186,-39,-90,0
444,74.988,74.9893,0,37,239186,-39,-90,0
445,74.988,74.9893,0,37,239186,-39,-90,0
446,74.988,74.9893,0,37,239186,-39,-90,0
447,74.988,74.9893,0,37,239186,-39,-90,0
448,74.988,74.9893,0,37,239186,-39,-90,0
449,74.988,74.9893,0,37,239186,-39,-90,0
450,74.988,74.9893,0,37,239186,-39,-90,0
451,74.988,74.9893,0,37,239186,-39,-90,0
452,74.988,74.9893,0,37,239186,-39,-90,0
453,74.988,74.9893,0,37,239186,-39,-90,0
454,74.988,74.9893,0,37,239186,-39,-90,0
455,74.988,74.9893,0,37,239186,-39,-90,0
456,74.988,74.9893,0,37,239186,-39,-90,0
457,74.988,74.9893,0,37,239186,-39,-90,0
458,74.988,74.9893,0,37,239186,-39,-90,0
459,74.988,74.9893,0,37,239186,-39,-90,0
460,74.988,74.9893,0,37,239186,-39,-90,0
461,74.988,74.9893,0,37,239186,-39,-90,0
462,74.988,74.9893,0,37,239186,-39,-90,0
463,74.988,74.9893,0,37,239186,-39,-90,0
464,74.988,74.9893,0,37,239186,-39,-90,0
465,74.988,74.9893,0,37,239186,-39,-90,0
466,74.988,74.9893,0,37,239186,-39,-90,0
467,74.988,74.9893,0,37,239186,-39,-90,0
468,74.988,74.9893,0,37,239186,-39,-90,0
469,74.988,74.9893,0,37,239186,-39,-90,0
470,74.988,74.9893,0,37,239186,-39,-90,0
471,74.988,74.9893,0,37,239186,-39,-90,0
472,74.988,74.9893,0,37,239186,-39,-90,0
473,74.988,74.9893,0,37,239186,-39,-90,0
474,74.988,74.9893,0,37,239186,-39,-90,0
475,74.988,74.9893,0,37,239186,-39,-90,0
476,74.988,74.9893,0,37,239186,-39,-90,0
477,74.988,74.9893,0,37,239186,-39,-90,0
478,74.988,74.9893,0,37,239186,-39,-90,0
479,74.988,74.9893,0,37,239186,-39,-90,0
480,74.988,74.9893,0,37,239186,-39,-90,0
481,74.988,74.9893,0,37,239186,-39,-90,0
482,74.988,74.9893,0,37,239186,-39,-90,0
483,74.988,74.9893,0,37,239186,-39,-90,0
484,74.988,74.9893,0,37,239186,-39,-90,0
485,74.988,74.9893,0,37,239186,-39,-90,0
486,74.988,74.9893,0,37,239186,-39,-90,0
487,74.988,74.9893,0,37,239186,-39,-90,0
488,74.988,74.9893,0,37,239186,-39,-90,0
489,74.988,74.9893,0,37,239186,-39,-90,0
490,74.988,74.9893,0,37,239186,-39,-90,0
491,74.988,74.9893,0,37,239186,-39,-90,0
492,74.988,74.9893,0,37,239186,-39,-90,0
493,74.988,74.9893,0,37,239186,-39,-90,0
494,74.988,74.9893,0,37,239186,-39,-90,0
495,74.988,74.9893,0,37,239186,-39,-90,0
496,74.988,74.9893,0,37,239186,-39,-90,0
497,74.988,74.9893,0,37,239186,-39,-90,0
498,74.988,74.9893,0,37,239186,-39,-90,0
499,74.988,74.9893,0,37,239186,-39,-90,0
500,74.988,74.9893,0,37,239186,-39,-90,0
501,74.988,74.9893,0,37,239186,-39,-90,0
502,74.988,74.9893,0,37,239186,-39,-90,0
503,74.988,74.9893,0,37,239186,-39,-90,0
504,74.988,74.9893,0,37,239186,-39,-90,0
505,74.988,74.9893,0,37,239186,-39,-90,0
506,74.988,74.9893,0,37,239186,-39,-90,0
507,74.988,74.9893,0,37,239186,-39,-90,0
508,74.988,74.9893,0,37,239186,-39,-90,0
509,74.988,74.9893,0,37,239186,-39,-90,0
510,74.988,74.9893,0,37,239186,-39,-90,0
511,74.988,74.9893,0,37,239186,-39,-90,0
512,74.988,74.9893,0,37,239186,-39,-90,0
513,74.988,74.9893,0,37,239186,-39,-90,0
514,74.988,74.9893,0,37,239186,-39,-90,0
515,74.988,74.9893,0,37,239186,-39,-90,0
516,74.988,74.9893,0,37,239186,-39,-90,0
517,74.988,74.9893,0,37,239186,-39,-90,0
518,74.988,74.9893,0,37,239186,-39,-90,0
519,74.988,74.9893,0,37,239186,-39,-90,0
520,74.988,74.9893,0,37,239186,-39,-90,0
521,74.988,74.9893,0,37,239186,-39,-90,0
522,74.988,74.9893,0,37,239186,-39,-90,0
523,74.988,74.9893,0,37,239186,-39,-90,0
524,74.988,74.9893,0,37,239186,-39,-90,0
525,74.988,74.9893,0,37,239186,-39,-90,0
526,74.988,74.9893,0,37,239186,-39,-90,0
527,74.988,74.9893,0,37,239186,-39,-90,0
528,74.988,74.9893,0,37,239186,-39,-90,0
529,74.988,74.9893,0,37,239186,-39,-90,0
530,74.988,74.9893,0,37,239186,-39,-90,0
531,74.988,74.9893,0,37,239186,-39,-90,0
532,74.988,74.9893,0,37,239186,-39,-90,0
533,74.988,74.9893,0,37,239186,-39,-90,0
534,74.988,74.9893,0,37,239186,-39,-90,0
535,74.988,74.9893,0,37,239186,-39,-90,0
536,74.988,74.9893,0,37,239186,-39,-90,0
537,74.988,74.9893,0,37,239186,-39,-90,0
538,74.988,74.9893,0,37,239186,-39,-90,0
539,74.988,74.9893,0,37,239186,-39,-90,0
540,74.988,74.9893,0,37,239186,-39,-90,0
541,74.988,74.9893,0,37,239186,-39,-90,0
542,74.988,74.9893,0,37,239186,-39,-90,0
543,74.988,74.9893,0,37,239186,-39,-90,0
544,74.988,74.9893,0,37,239186,-39,-90,0
