distance,troughput,server_troughput,calculation_start_after_app,runtime,total_packet_count_received,signal_mean, noise,signal_varianz
1,74.9858,74.9858,0,37,239179,9,-90,0
2,74.9858,74.9858,0,37,239179,9,-90,0
3,74.9858,74.9858,0,37,239179,9,-90,0
4,74.9858,74.9858,0,37,239179,9,-90,0
5,74.9858,74.9858,0,37,239179,9,-90,0
6,74.9858,74.9858,0,37,239179,9,-90,0
7,74.9858,74.9858,0,37,239179,9,-90,0
8,74.9858,74.9858,0,37,239179,9,-90,0
9,74.9858,74.9858,0,37,239179,9,-90,0
10,74.9858,74.9858,0,37,239179,9,-90,0
11,74.9858,74.9858,0,37,239179,9,-90,0
12,74.9858,74.9858,0,37,239179,9,-90,0
13,74.9858,74.9858,0,37,239179,9,-90,0
14,74.9858,74.9858,0,37,239179,9,-90,0
15,74.9858,74.9858,0,37,239179,9,-90,0
16,74.9858,74.9858,0,37,239179,9,-90,0
17,74.9858,74.9858,0,37,239179,9,-90,0
18,74.9858,74.9858,0,37,239179,9,-90,0
19,74.9858,74.9858,0,37,239179,9,-90,0
20,74.9858,74.9858,0,37,239179,9,-90,0
21,74.9858,74.9858,0,37,239179,9,-90,0
22,74.9858,74.9858,0,37,239179,9,-90,0
23,74.9858,74.9858,0,37,239179,9,-90,0
24,74.9858,74.9858,0,37,239179,9,-90,0
25,74.9858,74.9858,0,37,239179,9,-90,0
26,74.9858,74.9858,0,37,239179,9,-90,0
27,74.9858,74.9858,0,37,239179,9,-90,0
28,74.9858,74.9858,0,37,239179,9,-90,0
29,74.9858,74.9858,0,37,239179,9,-90,0
30,74.9858,74.9858,0,37,239179,9,-90,0
31,74.9858,74.9858,0,37,239179,9,-90,0
32,74.9858,74.9858,0,37,239179,9,-90,0
33,74.9858,74.9858,0,37,239179,9,-90,0
34,74.9858,74.9858,0,37,239179,9,-90,0
35,74.9858,74.9858,0,37,239179,9,-90,0
36,74.9858,74.9858,0,37,239179,9,-90,0
37,74.9858,74.9858,0,37,239179,9,-90,0
38,74.9858,74.9858,0,37,239179,9,-90,0
39,74.9858,74.9858,0,37,239179,9,-90,0
40,74.9858,74.9858,0,37,239179,9,-90,0
41,74.9858,74.9858,0,37,239179,9,-90,0
42,74.9858,74.9858,0,37,239179,9,-90,0
43,74.9858,74.9858,0,37,239179,9,-90,0
44,74.9858,74.9858,0,37,239179,9,-90,0
45,74.9858,74.9858,0,37,239179,9,-90,0
46,74.9858,74.9858,0,37,239179,9,-90,0
47,74.9858,74.9858,0,37,239179,9,-90,0
48,74.9858,74.9858,0,37,239179,9,-90,0
49,74.9858,74.9858,0,37,239179,9,-90,0
50,74.9858,74.9858,0,37,239179,9,-90,0
51,74.9858,74.9858,0,37,239179,9,-90,0
52,74.9858,74.9858,0,37,239179,9,-90,0
53,74.9858,74.9858,0,37,239179,9,-90,0
54,74.9858,74.9858,0,37,239179,9,-90,0
55,74.9858,74.9858,0,37,239179,9,-90,0
56,74.9858,74.9858,0,37,239179,9,-90,0
57,74.9858,74.9858,0,37,239179,9,-90,0
58,74.9858,74.9858,0,37,239179,9,-90,0
59,74.9858,74.9858,0,37,239179,9,-90,0
60,74.9858,74.9858,0,37,239179,9,-90,0
61,74.9858,74.9858,0,37,239179,9,-90,0
62,74.9858,74.9858,0,37,239179,9,-90,0
63,74.9858,74.9858,0,37,239179,9,-90,0
64,74.9858,74.9858,0,37,239179,9,-90,0
65,74.9858,74.9858,0,37,239179,9,-90,0
66,74.9858,74.9858,0,37,239179,9,-90,0
67,74.9858,74.9858,0,37,239179,9,-90,0
68,74.9858,74.9858,0,37,239179,9,-90,0
69,74.9858,74.9858,0,37,239179,9,-90,0
70,74.9858,74.9858,0,37,239179,9,-90,0
71,74.9858,74.9858,0,37,239179,9,-90,0
72,74.9858,74.9858,0,37,239179,9,-90,0
73,74.9858,74.9858,0,37,239179,9,-90,0
74,74.9858,74.9858,0,37,239179,9,-90,0
75,74.9858,74.9858,0,37,239179,9,-90,0
76,74.9858,74.9858,0,37,239179,9,-90,0
77,74.9858,74.9858,0,37,239179,9,-90,0
78,74.9858,74.9858,0,37,239179,9,-90,0
79,74.9858,74.9858,0,37,239179,9,-90,0
80,74.9858,74.9858,0,37,239179,8,-90,0
81,74.9858,74.9858,0,37,239179,8,-90,0
82,74.9858,74.9858,0,37,239179,8,-90,0
83,74.9858,74.9858,0,37,239179,8,-90,0
84,74.9858,74.9858,0,37,239179,8,-90,0
85,74.9858,74.9858,0,37,239179,8,-90,0
86,74.9858,74.9858,0,37,239179,8,-90,0
87,74.9858,74.9858,0,37,239179,8,-90,0
88,74.9858,74.9858,0,37,239179,8,-90,0
89,74.9858,74.9858,0,37,239179,8,-90,0
90,74.9858,74.9858,0,37,239179,8,-90,0
91,74.9858,74.9858,0,37,239179,8,-90,0
92,74.9858,74.9858,0,37,239179,8,-90,0
93,74.9858,74.9858,0,37,239179,8,-90,0
94,74.9858,74.9858,0,37,239179,8,-90,0
95,74.9858,74.9858,0,37,239179,8,-90,0
96,74.9858,74.9858,0,37,239179,8,-90,0
97,74.9858,74.9858,0,37,239179,8,-90,0
98,74.9858,74.9858,0,37,239179,8,-90,0
99,74.9858,74.9858,0,37,239179,8,-90,0
100,74.9858,74.9858,0,37,239179,8,-90,0
101,74.9858,74.9858,0,37,239179,8,-90,0
102,74.9858,74.9858,0,37,239179,8,-90,0
103,74.9858,74.9858,0,37,239179,8,-90,0
104,74.9858,74.9858,0,37,239179,8,-90,0
105,74.9858,74.9858,0,37,239179,8,-90,0
106,74.9858,74.9858,0,37,239179,8,-90,0
107,74.9858,74.9858,0,37,239179,8,-90,0
108,74.9858,74.9858,0,37,239179,8,-90,0
109,74.9858,74.9858,0,37,239179,8,-90,0
110,74.9858,74.9858,0,37,239179,8,-90,0
111,74.9858,74.9858,0,37,239179,8,-90,0
112,74.9858,74.9858,0,37,239179,8,-90,0
113,74.9858,74.9858,0,37,239179,8,-90,0
114,74.9858,74.9858,0,37,239179,8,-90,0
115,74.9858,74.9858,0,37,239179,8,-90,0
116,74.9858,74.9858,0,37,239179,8,-90,0
117,74.9858,74.9858,0,37,239179,8,-90,0
118,74.9858,74.9858,0,37,239179,8,-90,0
119,74.9858,74.9858,0,37,239179,8,-90,0
120,74.9858,74.9858,0,37,239179,8,-90,0
121,74.9858,74.9858,0,37,239179,8,-90,0
122,74.9858,74.9858,0,37,239179,8,-90,0
123,74.9858,74.9858,0,37,239179,8,-90,0
124,74.9858,74.9858,0,37,239179,8,-90,0
125,74.9858,74.9858,0,37,239179,8,-90,0
126,74.9858,74.9858,0,37,239179,8,-90,0
127,74.9858,74.9858,0,37,239179,8,-90,0
128,74.9858,74.9858,0,37,239179,8,-90,0
129,74.9858,74.9858,0,37,239179,8,-90,0
130,74.9858,74.9858,0,37,239179,8,-90,0
131,74.9858,74.9858,0,37,239179,8,-90,0
132,74.9858,74.9858,0,37,239179,8,-90,0
133,74.9858,74.9858,0,37,239179,8,-90,0
134,74.9858,74.9858,0,37,239179,8,-90,0
135,74.9858,74.9858,0,37,239179,8,-90,0
136,74.9858,74.9858,0,37,239179,8,-90,0
137,74.9858,74.9858,0,37,239179,8,-90,0
138,74.9858,74.9858,0,37,239179,8,-90,0
139,74.9858,74.9858,0,37,239179,8,-90,0
140,74.9858,74.9858,0,37,239179,8,-90,0
141,74.9858,74.9858,0,37,239179,8,-90,0
142,74.9858,74.9858,0,37,239179,8,-90,0
143,74.9858,74.9858,0,37,239179,8,-90,0
144,74.9858,74.9858,0,37,239179,8,-90,0
145,74.9858,74.9858,0,37,239179,8,-90,0
146,74.9858,74.9858,0,37,239179,8,-90,0
147,74.9858,74.9858,0,37,239179,8,-90,0
148,74.9858,74.9858,0,37,239179,8,-90,0
149,74.9858,74.9858,0,37,239179,8,-90,0
150,74.9858,74.9858,0,37,239179,8,-90,0
151,74.9858,74.9858,0,37,239179,8,-90,0
152,74.9858,74.9858,0,37,239179,8,-90,0
153,74.9858,74.9858,0,37,239179,8,-90,0
154,74.9858,74.9858,0,37,239179,8,-90,0
155,74.9858,74.9858,0,37,239179,8,-90,0
156,74.9858,74.9858,0,37,239179,8,-90,0
157,74.9858,74.9858,0,37,239179,8,-90,0
158,74.9858,74.9858,0,37,239179,8,-90,0
159,74.9858,74.9858,0,37,239179,8,-90,0
160,74.9858,74.9858,0,37,239179,8,-90,0
161,74.9858,74.9858,0,37,239179,8,-90,0
162,74.9858,74.9858,0,37,239179,8,-90,0
163,74.9858,74.9858,0,37,239179,8,-90,0
164,74.9858,74.9858,0,37,239179,8,-90,0
165,74.9858,74.9858,0,37,239179,8,-90,0
166,74.9858,74.9858,0,37,239179,8,-90,0
167,74.9858,74.9858,0,37,239179,8,-90,0
168,74.9858,74.9858,0,37,239179,8,-90,0
169,74.9858,74.9858,0,37,239179,8,-90,0
170,74.9858,74.9858,0,37,239179,8,-90,0
171,74.9858,74.9858,0,37,239179,8,-90,0
172,74.9858,74.9858,0,37,239179,8,-90,0
173,74.9858,74.9858,0,37,239179,8,-90,0
174,74.9858,74.9858,0,37,239179,8,-90,0
175,74.9858,74.9858,0,37,239179,8,-90,0
176,74.9858,74.9858,0,37,239179,8,-90,0
177,74.9858,74.9858,0,37,239179,8,-90,0
178,74.9858,74.9858,0,37,239179,8,-90,0
179,74.9858,74.9858,0,37,239179,8,-90,0
180,74.9858,74.9858,0,37,239179,8,-90,0
181,74.9858,74.9858,0,37,239179,8,-90,0
182,74.9858,74.9858,0,37,239179,8,-90,0
183,74.9858,74.9858,0,37,239179,8,-90,0
184,74.9858,74.9858,0,37,239179,8,-90,0
185,74.9858,74.9858,0,37,239179,8,-90,0
186,74.9858,74.9858,0,37,239179,8,-90,0
187,74.9858,74.9858,0,37,239179,8,-90,0
188,74.9858,74.9858,0,37,239179,8,-90,0
189,74.9858,74.9858,0,37,239179,8,-90,0
190,74.9858,74.9858,0,37,239179,8,-90,0
191,74.9858,74.9858,0,37,239179,8,-90,0
192,74.9858,74.9858,0,37,239179,8,-90,0
193,74.9858,74.9858,0,37,239179,8,-90,0
194,74.9858,74.9858,0,37,239179,8,-90,0
195,74.9858,74.9858,0,37,239179,8,-90,0
196,74.9858,74.9858,0,37,239179,8,-90,0
197,74.9858,74.9858,0,37,239179,8,-90,0
198,74.9858,74.9858,0,37,239179,8,-90,0
199,74.9858,74.9858,0,37,239179,8,-90,0
200,74.9858,74.9858,0,37,239179,8,-90,0
201,74.9858,74.9858,0,37,239179,8,-90,0
202,74.9858,74.9858,0,37,239179,8,-90,0
203,74.9858,74.9858,0,37,239179,8,-90,0
204,74.9858,74.9858,0,37,239179,8,-90,0
205,74.9858,74.9858,0,37,239179,8,-90,0
206,74.9858,74.9858,0,37,239179,8,-90,0
207,74.9858,74.9858,0,37,239179,8,-90,0
208,74.9858,74.9858,0,37,239179,8,-90,0
209,74.9858,74.9858,0,37,239179,8,-90,0
210,74.9858,74.9858,0,37,239179,8,-90,0
211,74.9858,74.9858,0,37,239179,8,-90,0
212,74.9858,74.9858,0,37,239179,8,-90,0
213,74.9858,74.9858,0,37,239179,8,-90,0
214,74.9858,74.9858,0,37,239179,8,-90,0
215,74.9858,74.9858,0,37,239179,8,-90,0
216,74.9858,74.9858,0,37,239179,8,-90,0
217,74.9858,74.9858,0,37,239179,8,-90,0
218,74.9858,74.9858,0,37,239179,8,-90,0
219,74.9858,74.9858,0,37,239179,8,-90,0
220,74.9858,74.9858,0,37,239179,8,-90,0
221,74.9858,74.9858,0,37,239179,8,-90,0
222,74.9858,74.9858,0,37,239179,8,-90,0
223,74.9858,74.9858,0,37,239179,8,-90,0
224,74.9858,74.9858,0,37,239179,8,-90,0
225,74.9858,74.9858,0,37,239179,8,-90,0
226,74.9858,74.9858,0,37,239179,8,-90,0
227,74.9858,74.9858,0,37,239179,8,-90,0
228,74.9858,74.9858,0,37,239179,8,-90,0
229,74.9858,74.9858,0,37,239179,8,-90,0
230,74.9858,74.9858,0,37,239179,8,-90,0
231,74.9858,74.9858,0,37,239179,8,-90,0
232,74.9858,74.9858,0,37,239179,8,-90,0
233,74.9858,74.9858,0,37,239179,8,-90,0
234,74.9858,74.9858,0,37,239179,8,-90,0
235,74.9858,74.9858,0,37,239179,8,-90,0
236,74.9858,74.9858,0,37,239179,8,-90,0
237,74.9858,74.9858,0,37,239179,8,-90,0
238,74.9858,74.9858,0,37,239179,8,-90,0
239,74.9858,74.9858,0,37,239179,8,-90,0
240,74.9858,74.9858,0,37,239179,8,-90,0
241,74.9858,74.9858,0,37,239179,8,-90,0
242,74.9858,74.9858,0,37,239179,8,-90,0
243,74.9858,74.9858,0,37,239179,8,-90,0
244,74.9858,74.9858,0,37,239179,8,-90,0
245,74.9858,74.9858,0,37,239179,8,-90,0
246,74.9858,74.9858,0,37,239179,8,-90,0
247,74.9858,74.9858,0,37,239179,8,-90,0
248,74.9858,74.9858,0,37,239179,8,-90,0
249,74.9858,74.9858,0,37,239179,8,-90,0
250,74.9858,74.9858,0,37,239179,8,-90,0
251,74.9858,74.9858,0,37,239179,8,-90,0
252,74.9858,74.9858,0,37,239179,8,-90,0
253,74.9858,74.9858,0,37,239179,8,-90,0
254,74.9858,74.9858,0,37,239179,8,-90,0
255,74.9858,74.9858,0,37,239179,8,-90,0
256,74.9858,74.9858,0,37,239179,8,-90,0
257,74.9858,74.9858,0,37,239179,8,-90,0
258,74.9858,74.9858,0,37,239179,8,-90,0
259,74.9858,74.9858,0,37,239179,8,-90,0
260,74.9858,74.9858,0,37,239179,8,-90,0
261,74.9858,74.9858,0,37,239179,8,-90,0
262,74.9858,74.9858,0,37,239179,8,-90,0
263,74.9858,74.9858,0,37,239179,8,-90,0
264,74.9858,74.9858,0,37,239179,8,-90,0
265,74.9858,74.9858,0,37,239179,8,-90,0
266,74.9858,74.9858,0,37,239179,8,-90,0
267,74.9858,74.9858,0,37,239179,8,-90,0
268,74.9858,74.9858,0,37,239179,8,-90,0
269,74.9858,74.9858,0,37,239179,8,-90,0
270,74.9858,74.9858,0,37,239179,8,-90,0
271,74.9858,74.9858,0,37,239179,8,-90,0
272,74.9858,74.9858,0,37,239179,8,-90,0
273,74.9858,74.9858,0,37,239179,8,-90,0
274,74.9858,74.9858,0,37,239179,8,-90,0
275,74.9858,74.9858,0,37,239179,8,-90,0
276,74.9858,74.9858,0,37,239179,8,-90,0
277,74.9858,74.9858,0,37,239179,8,-90,0
278,74.9858,74.9858,0,37,239179,8,-90,0
279,74.9858,74.9858,0,37,239179,8,-90,0
280,74.9858,74.9858,0,37,239179,8,-90,0
281,74.9858,74.9858,0,37,239179,8,-90,0
282,74.9858,74.9858,0,37,239179,8,-90,0
283,74.9858,74.9858,0,37,239179,8,-90,0
284,74.9858,74.9858,0,37,239179,8,-90,0
285,74.9858,74.9858,0,37,239179,8,-90,0
286,74.9858,74.9858,0,37,239179,8,-90,0
287,74.9858,74.9858,0,37,239179,8,-90,0
288,74.9858,74.9858,0,37,239179,8,-90,0
289,74.9858,74.9858,0,37,239179,8,-90,0
290,74.9858,74.9858,0,37,239179,8,-90,0
291,74.9858,74.9858,0,37,239179,8,-90,0
292,74.9858,74.9858,0,37,239179,8,-90,0
293,74.9858,74.9858,0,37,239179,8,-90,0
294,74.9858,74.9858,0,37,239179,8,-90,0
295,74.9858,74.9858,0,37,239179,8,-90,0
296,74.9858,74.9858,0,37,239179,8,-90,0
297,74.9858,74.9858,0,37,239179,8,-90,0
298,74.9858,74.9858,0,37,239179,8,-90,0
299,74.9858,74.9858,0,37,239179,8,-90,0
300,74.9858,74.9858,0,37,239179,8,-90,0
301,74.9858,74.9858,0,37,239179,8,-90,0
302,74.9858,74.9858,0,37,239179,8,-90,0
303,74.9858,74.9858,0,37,239179,8,-90,0
304,74.9858,74.9858,0,37,239179,8,-90,0
305,74.9858,74.9858,0,37,239179,8,-90,0
306,74.9858,74.9858,0,37,239179,8,-90,0
307,74.9858,74.9858,0,37,239179,8,-90,0
308,74.9858,74.9858,0,37,239179,8,-90,0
309,74.9858,74.9858,0,37,239179,8,-90,0
310,74.9858,74.9858,0,37,239179,8,-90,0
311,74.9858,74.9858,0,37,239179,8,-90,0
312,74.9858,74.9858,0,37,239179,8,-90,0
313,74.9858,74.9858,0,37,239179,8,-90,0
314,74.9858,74.9858,0,37,239179,8,-90,0
315,74.9858,74.9858,0,37,239179,8,-90,0
316,74.9858,74.9858,0,37,239179,8,-90,0
317,74.9858,74.9858,0,37,239179,8,-90,0
318,74.9858,74.9858,0,37,239179,8,-90,0
319,74.9858,74.9858,0,37,239179,8,-90,0
320,74.9858,74.9858,0,37,239179,8,-90,0
321,74.9858,74.9858,0,37,239179,8,-90,0
322,74.9858,74.9858,0,37,239179,8,-90,0
323,74.9858,74.9858,0,37,239179,8,-90,0
324,74.9858,74.9858,0,37,239179,8,-90,0
325,74.9858,74.9858,0,37,239179,8,-90,0
326,74.9858,74.9858,0,37,239179,8,-90,0
327,74.9858,74.9858,0,37,239179,8,-90,0
328,74.9858,74.9858,0,37,239179,8,-90,0
329,74.9858,74.9858,0,37,239179,8,-90,0
330,74.9858,74.9858,0,37,239179,8,-90,0
331,74.9858,74.9858,0,37,239179,8,-90,0
332,74.9858,74.9858,0,37,239179,8,-90,0
333,74.9858,74.9858,0,37,239179,8,-90,0
334,74.9858,74.9858,0,37,239179,8,-90,0
335,74.9858,74.9858,0,37,239179,8,-90,0
336,74.9858,74.9858,0,37,239179,8,-90,0
337,74.9858,74.9858,0,37,239179,8,-90,0
338,74.9858,74.9858,0,37,239179,8,-90,0
339,74.9858,74.9858,0,37,239179,8,-90,0
340,74.9858,74.9858,0,37,239179,8,-90,0
341,74.9858,74.9858,0,37,239179,8,-90,0
342,74.9858,74.9858,0,37,239179,8,-90,0
343,74.9858,74.9858,0,37,239179,8,-90,0
344,74.9858,74.9858,0,37,239179,8,-90,0
345,74.9858,74.9858,0,37,239179,8,-90,0
346,74.9858,74.9858,0,37,239179,8,-90,0
347,74.9858,74.9858,0,37,239179,8,-90,0
348,74.9858,74.9858,0,37,239179,8,-90,0
349,74.9858,74.9858,0,37,239179,8,-90,0
350,74.9858,74.9858,0,37,239179,8,-90,0
351,74.9858,74.9858,0,37,239179,8,-90,0
352,74.9858,74.9858,0,37,239179,8,-90,0
353,74.9858,74.9858,0,37,239179,8,-90,0
354,74.9858,74.9858,0,37,239179,8,-90,0
355,74.9858,74.9858,0,37,239179,8,-90,0
356,74.9858,74.9858,0,37,239179,8,-90,0
357,74.9858,74.9858,0,37,239179,8,-90,0
358,74.9858,74.9858,0,37,239179,8,-90,0
359,74.9858,74.9858,0,37,239179,8,-90,0
360,74.9858,74.9858,0,37,239179,8,-90,0
361,74.9858,74.9858,0,37,239179,8,-90,0
362,74.9858,74.9858,0,37,239179,8,-90,0
363,74.9858,74.9858,0,37,239179,8,-90,0
364,74.9858,74.9858,0,37,239179,8,-90,0
365,74.9858,74.9858,0,37,239179,8,-90,0
366,74.9858,74.9858,0,37,239179,8,-90,0
367,74.9858,74.9858,0,37,239179,8,-90,0
368,74.9858,74.9858,0,37,239179,8,-90,0
369,74.9858,74.9858,0,37,239179,8,-90,0
370,74.9858,74.9858,0,37,239179,8,-90,0
371,74.9858,74.9858,0,37,239179,8,-90,0
372,74.9858,74.9858,0,37,239179,8,-90,0
373,74.9858,74.9858,0,37,239179,8,-90,0
374,74.9858,74.9858,0,37,239179,8,-90,0
375,74.9858,74.9858,0,37,239179,8,-90,0
376,74.9858,74.9858,0,37,239179,8,-90,0
377,74.9858,74.9858,0,37,239179,8,-90,0
378,74.9858,74.9858,0,37,239179,8,-90,0
379,74.9858,74.9858,0,37,239179,8,-90,0
380,74.9858,74.9858,0,37,239179,8,-90,0
381,74.9858,74.9858,0,37,239179,8,-90,0
382,74.9858,74.9858,0,37,239179,8,-90,0
383,74.9858,74.9858,0,37,239179,8,-90,0
384,74.9858,74.9858,0,37,239179,8,-90,0
385,74.9858,74.9858,0,37,239179,8,-90,0
386,74.9858,74.9858,0,37,239179,8,-90,0
387,74.9858,74.9858,0,37,239179,8,-90,0
388,74.9858,74.9858,0,37,239179,8,-90,0
389,74.9858,74.9858,0,37,239179,8,-90,0
390,74.9858,74.9858,0,37,239179,8,-90,0
391,74.9858,74.9858,0,37,239179,8,-90,0
392,74.9858,74.9858,0,37,239179,8,-90,0
393,74.9858,74.9858,0,37,239179,8,-90,0
394,74.9858,74.9858,0,37,239179,8,-90,0
395,74.9858,74.9858,0,37,239179,8,-90,0
396,74.9858,74.9858,0,37,239179,8,-90,0
397,74.9858,74.9858,0,37,239179,8,-90,0
398,74.9858,74.9858,0,37,239179,8,-90,0
399,74.9858,74.9858,0,37,239179,8,-90,0
400,74.9858,74.9858,0,37,239179,8,-90,0
401,74.9858,74.9858,0,37,239179,8,-90,0
402,74.9858,74.9858,0,37,239179,8,-90,0
403,74.9858,74.9858,0,37,239179,8,-90,0
404,74.9858,74.9858,0,37,239179,8,-90,0
405,74.9858,74.9858,0,37,239179,8,-90,0
406,74.9858,74.9858,0,37,239179,8,-90,0
407,74.9858,74.9858,0,37,239179,8,-90,0
408,74.9858,74.9858,0,37,239179,8,-90,0
409,74.9858,74.9858,0,37,239179,8,-90,0
410,74.9858,74.9858,0,37,239179,8,-90,0
411,74.9858,74.9858,0,37,239179,8,-90,0
412,74.9858,74.9858,0,37,239179,8,-90,0
413,74.9858,74.9858,0,37,239179,8,-90,0
414,74.9858,74.9858,0,37,239179,8,-90,0
415,74.9858,74.9858,0,37,239179,8,-90,0
416,74.9858,74.9858,0,37,239179,8,-90,0
417,74.9858,74.9858,0,37,239179,8,-90,0
418,74.9858,74.9858,0,37,239179,8,-90,0
419,74.9858,74.9858,0,37,239179,8,-90,0
420,74.9858,74.9858,0,37,239179,8,-90,0
421,74.9858,74.9858,0,37,239179,8,-90,0
422,74.9858,74.9858,0,37,239179,8,-90,0
423,74.9858,74.9858,0,37,239179,8,-90,0
424,74.9858,74.9858,0,37,239179,8,-90,0
425,74.9858,74.9858,0,37,239179,8,-90,0
426,74.9858,74.9858,0,37,239179,8,-90,0
427,74.9858,74.9858,0,37,239179,8,-90,0
428,74.9858,74.9858,0,37,239179,8,-90,0
429,74.9858,74.9858,0,37,239179,8,-90,0
430,74.9858,74.9858,0,37,239179,8,-90,0
431,74.9858,74.9858,0,37,239179,8,-90,0
432,74.9858,74.9858,0,37,239179,8,-90,0
433,74.9858,74.9858,0,37,239179,8,-90,0
434,74.9858,74.9858,0,37,239179,8,-90,0
435,74.9858,74.9858,0,37,239179,8,-90,0
436,74.9858,74.9858,0,37,239179,8,-90,0
437,74.9858,74.9858,0,37,239179,8,-90,0
438,74.9858,74.9858,0,37,239179,8,-90,0
439,74.9858,74.9858,0,37,239179,8,-90,0
440,74.9858,74.9858,0,37,239179,8,-90,0
441,74.9858,74.9858,0,37,239179,8,-90,0
442,74.9858,74.9858,0,37,239179,8,-90,0
443,74.9858,74.9858,0,37,239179,8,-90,0
444,74.9858,74.9858,0,37,239179,8,-90,0
445,74.9858,74.9858,0,37,239179,8,-90,0
446,74.9858,74.9858,0,37,239179,8,-90,0
447,74.9858,74.9858,0,37,239179,8,-90,0
448,74.9858,74.9858,0,37,239179,8,-90,0
449,74.9858,74.9858,0,37,239179,8,-90,0
450,74.9858,74.9858,0,37,239179,8,-90,0
451,74.9858,74.9858,0,37,239179,8,-90,0
452,74.9858,74.9858,0,37,239179,8,-90,0
453,74.9858,74.9858,0,37,239179,8,-90,0
454,74.9858,74.9858,0,37,239179,8,-90,0
455,74.9858,74.9858,0,37,239179,8,-90,0
456,74.9858,74.9858,0,37,239179,8,-90,0
457,74.9858,74.9858,0,37,239179,8,-90,0
458,74.9858,74.9858,0,37,239179,8,-90,0
459,74.9858,74.9858,0,37,239179,8,-90,0
460,74.9858,74.9858,0,37,239179,8,-90,0
461,74.9858,74.9858,0,37,239179,8,-90,0
462,74.9858,74.9858,0,37,239179,8,-90,0
463,74.9858,74.9858,0,37,239179,8,-90,0
464,74.9858,74.9858,0,37,239179,8,-90,0
465,74.9858,74.9858,0,37,239179,8,-90,0
466,74.9858,74.9858,0,37,239179,8,-90,0
467,74.9858,74.9858,0,37,239179,8,-90,0
468,74.9858,74.9858,0,37,239179,8,-90,0
469,74.9858,74.9858,0,37,239179,8,-90,0
470,74.9858,74.9858,0,37,239179,8,-90,0
471,74.9858,74.9858,0,37,239179,8,-90,0
472,74.9858,74.9858,0,37,239179,8,-90,0
473,74.9858,74.9858,0,37,239179,8,-90,0
474,74.9858,74.9858,0,37,239179,8,-90,0
475,74.9858,74.9858,0,37,239179,8,-90,0
476,74.9858,74.9858,0,37,239179,8,-90,0
477,74.9858,74.9858,0,37,239179,8,-90,0
478,74.9858,74.9858,0,37,239179,8,-90,0
479,74.9858,74.9858,0,37,239179,8,-90,0
480,74.9858,74.9858,0,37,239179,8,-90,0
481,74.9858,74.9858,0,37,239179,8,-90,0
482,74.9858,74.9858,0,37,239179,8,-90,0
483,74.9858,74.9858,0,37,239179,8,-90,0
484,74.9858,74.9858,0,37,239179,8,-90,0
485,74.9858,74.9858,0,37,239179,8,-90,0
486,74.9858,74.9858,0,37,239179,8,-90,0
487,74.9858,74.9858,0,37,239179,8,-90,0
488,74.9858,74.9858,0,37,239179,8,-90,0
489,74.9858,74.9858,0,37,239179,8,-90,0
490,74.9858,74.9858,0,37,239179,8,-90,0
491,74.9858,74.9858,0,37,239179,8,-90,0
492,74.9858,74.9858,0,37,239179,8,-90,0
493,74.9858,74.9858,0,37,239179,8,-90,0
494,74.9858,74.9858,0,37,239179,8,-90,0
495,74.9858,74.9858,0,37,239179,8,-90,0
496,74.9858,74.9858,0,37,239179,8,-90,0
497,74.9858,74.9858,0,37,239179,8,-90,0
498,74.9858,74.9858,0,37,239179,8,-90,0
499,74.9858,74.9858,0,37,239179,8,-90,0
500,74.9858,74.9858,0,37,239179,8,-90,0
501,74.9858,74.9858,0,37,239179,8,-90,0
502,74.9858,74.9858,0,37,239179,8,-90,0
503,74.9858,74.9858,0,37,239179,8,-90,0
504,74.9858,74.9858,0,37,239179,8,-90,0
505,74.9858,74.9858,0,37,239179,8,-90,0
506,74.9858,74.9858,0,37,239179,8,-90,0
507,74.9858,74.9858,0,37,239179,8,-90,0
508,74.9858,74.9858,0,37,239179,8,-90,0
509,74.9858,74.9858,0,37,239179,8,-90,0
510,74.9858,74.9858,0,37,239179,8,-90,0
511,74.9858,74.9858,0,37,239179,8,-90,0
512,74.9858,74.9858,0,37,239179,8,-90,0
513,74.9858,74.9858,0,37,239179,8,-90,0
514,74.9858,74.9858,0,37,239179,8,-90,0
515,74.9858,74.9858,0,37,239179,8,-90,0
516,74.9858,74.9858,0,37,239179,8,-90,0
517,74.9858,74.9858,0,37,239179,8,-90,0
518,74.9858,74.9858,0,37,239179,8,-90,0
519,74.9858,74.9858,0,37,239179,8,-90,0
520,74.9858,74.9858,0,37,239179,8,-90,0
521,74.9858,74.9858,0,37,239179,8,-90,0
522,74.9858,74.9858,0,37,239179,8,-90,0
523,74.9858,74.9858,0,37,239179,8,-90,0
524,74.9858,74.9858,0,37,239179,8,-90,0
525,74.9858,74.9858,0,37,239179,8,-90,0
526,74.9858,74.9858,0,37,239179,8,-90,0
527,74.9858,74.9858,0,37,239179,8,-90,0
528,74.9858,74.9858,0,37,239179,8,-90,0
529,74.9858,74.9858,0,37,239179,8,-90,0
530,74.9858,74.9858,0,37,239179,8,-90,0
531,74.9858,74.9858,0,37,239179,8,-90,0
532,74.9858,74.9858,0,37,239179,8,-90,0
533,74.9858,74.9858,0,37,239179,8,-90,0
534,74.9858,74.9858,0,37,239179,8,-90,0
535,74.9858,74.9858,0,37,239179,8,-90,0
536,74.9858,74.9858,0,37,239179,8,-90,0
537,74.9858,74.9858,0,37,239179,8,-90,0
538,74.9858,74.9858,0,37,239179,8,-90,0
539,74.9858,74.9858,0,37,239179,8,-90,0
540,74.9858,74.9858,0,37,239179,8,-90,0
541,74.9858,74.9858,0,37,239179,8,-90,0
542,74.9858,74.9858,0,37,239179,8,-90,0
543,74.9858,74.9858,0,37,239179,8,-90,0
544,74.9858,74.9858,0,37,239179,8,-90,0
545,74.9858,74.9858,0,37,239179,8,-90,0
546,74.9858,74.9858,0,37,239179,8,-90,0
547,74.9858,74.9858,0,37,239179,8,-90,0
548,74.9858,74.9858,0,37,239179,8,-90,0
549,74.9858,74.9858,0,37,239179,8,-90,0
550,74.9858,74.9858,0,37,239179,8,-90,0
551,74.9858,74.9858,0,37,239179,8,-90,0
552,74.9858,74.9858,0,37,239179,8,-90,0
553,74.9858,74.9858,0,37,239179,8,-90,0
554,74.9858,74.9858,0,37,239179,8,-90,0
555,74.9858,74.9858,0,37,239179,8,-90,0
556,74.9858,74.9858,0,37,239179,8,-90,0
557,74.9858,74.9858,0,37,239179,8,-90,0
558,74.9858,74.9858,0,37,239179,8,-90,0
559,74.9858,74.9858,0,37,239179,8,-90,0
560,74.9858,74.9858,0,37,239179,8,-90,0
561,74.9858,74.9858,0,37,239179,8,-90,0
562,74.9858,74.9858,0,37,239179,8,-90,0
563,74.9858,74.9858,0,37,239179,8,-90,0
564,74.9858,74.9858,0,37,239179,8,-90,0
565,74.9858,74.9858,0,37,239179,8,-90,0
566,74.9858,74.9858,0,37,239179,8,-90,0
567,74.9858,74.9858,0,37,239179,8,-90,0
568,74.9858,74.9858,0,37,239179,8,-90,0
569,74.9858,74.9858,0,37,239179,8,-90,0
570,74.9858,74.9858,0,37,239179,8,-90,0
571,74.9858,74.9858,0,37,239179,8,-90,0
572,74.9858,74.9858,0,37,239179,8,-90,0
573,74.9858,74.9858,0,37,239179,8,-90,0
574,74.9858,74.9858,0,37,239179,8,-90,0
575,74.9858,74.9858,0,37,239179,8,-90,0
576,74.9858,74.9858,0,37,239179,8,-90,0
577,74.9858,74.9858,0,37,239179,8,-90,0
578,74.9858,74.9858,0,37,239179,8,-90,0
579,74.9858,74.9858,0,37,239179,8,-90,0
580,74.9858,74.9858,0,37,239179,8,-90,0
581,74.9858,74.9858,0,37,239179,8,-90,0
582,74.9858,74.9858,0,37,239179,8,-90,0
583,74.9858,74.9858,0,37,239179,8,-90,0
584,74.9858,74.9858,0,37,239179,8,-90,0
585,74.9858,74.9858,0,37,239179,8,-90,0
586,74.9858,74.9858,0,37,239179,8,-90,0
587,74.9858,74.9858,0,37,239179,8,-90,0
588,74.9858,74.9858,0,37,239179,8,-90,0
589,74.9858,74.9858,0,37,239179,8,-90,0
590,74.9858,74.9858,0,37,239179,8,-90,0
591,74.9858,74.9858,0,37,239179,8,-90,0
592,74.9858,74.9858,0,37,239179,8,-90,0
593,74.9858,74.9858,0,37,239179,8,-90,0
594,74.9858,74.9858,0,37,239179,8,-90,0
595,74.9858,74.9858,0,37,239179,8,-90,0
596,74.9858,74.9858,0,37,239179,8,-90,0
597,74.9858,74.9858,0,37,239179,8,-90,0
598,74.9858,74.9858,0,37,239179,8,-90,0
599,74.9858,74.9858,0,37,239179,8,-90,0
600,74.9858,74.9858,0,37,239179,8,-90,0
601,74.9858,74.9858,0,37,239179,8,-90,0
602,74.9858,74.9858,0,37,239179,8,-90,0
603,74.9858,74.9858,0,37,239179,8,-90,0
604,74.9858,74.9858,0,37,239179,8,-90,0
605,74.9858,74.9858,0,37,239179,8,-90,0
606,74.9858,74.9858,0,37,239179,8,-90,0
607,74.9858,74.9858,0,37,239179,8,-90,0
608,74.9858,74.9858,0,37,239179,8,-90,0
609,74.9858,74.9858,0,37,239179,8,-90,0
610,74.9858,74.9858,0,37,239179,8,-90,0
611,74.9858,74.9858,0,37,239179,8,-90,0
612,74.9858,74.9858,0,37,239179,8,-90,0
613,74.9858,74.9858,0,37,239179,8,-90,0
614,74.9858,74.9858,0,37,239179,8,-90,0
615,74.9858,74.9858,0,37,239179,8,-90,0
616,74.9858,74.9858,0,37,239179,8,-90,0
617,74.9858,74.9858,0,37,239179,8,-90,0
618,74.9858,74.9858,0,37,239179,8,-90,0
619,74.9858,74.9858,0,37,239179,8,-90,0
620,74.9858,74.9858,0,37,239179,8,-90,0
621,74.9858,74.9858,0,37,239179,8,-90,0
622,74.9858,74.9858,0,37,239179,8,-90,0
623,74.9858,74.9858,0,37,239179,8,-90,0
624,74.9858,74.9858,0,37,239179,8,-90,0
625,74.9858,74.9858,0,37,239179,8,-90,0
626,74.9858,74.9858,0,37,239179,8,-90,0
627,74.9858,74.9858,0,37,239179,8,-90,0
628,74.9858,74.9858,0,37,239179,8,-90,0
629,74.9858,74.9858,0,37,239179,8,-90,0
630,74.9858,74.9858,0,37,239179,8,-90,0
631,74.9858,74.9858,0,37,239179,8,-90,0
632,74.9858,74.9858,0,37,239179,8,-90,0
633,74.9858,74.9858,0,37,239179,8,-90,0
634,74.9858,74.9858,0,37,239179,8,-90,0
635,74.9858,74.9858,0,37,239179,8,-90,0
636,74.9858,74.9858,0,37,239179,8,-90,0
637,74.9858,74.9858,0,37,239179,8,-90,0
638,74.9858,74.9858,0,37,239179,8,-90,0
639,74.9858,74.9858,0,37,239179,8,-90,0
640,74.9858,74.9858,0,37,239179,8,-90,0
641,74.9858,74.9858,0,37,239179,8,-90,0
642,74.9858,74.9858,0,37,239179,8,-90,0
643,74.9858,74.9858,0,37,239179,8,-90,0
644,74.9858,74.9858,0,37,239179,8,-90,0
645,74.9858,74.9858,0,37,239179,8,-90,0
646,74.9858,74.9858,0,37,239179,8,-90,0
647,74.9858,74.9858,0,37,239179,8,-90,0
648,74.9858,74.9858,0,37,239179,8,-90,0
649,74.9858,74.9858,0,37,239179,8,-90,0
650,74.9858,74.9858,0,37,239179,8,-90,0
651,74.9858,74.9858,0,37,239179,8,-90,0
652,74.9858,74.9858,0,37,239179,8,-90,0
653,74.9858,74.9858,0,37,239179,8,-90,0
654,74.9858,74.9858,0,37,239179,8,-90,0
655,74.9858,74.9858,0,37,239179,8,-90,0
656,74.9858,74.9858,0,37,239179,8,-90,0
657,74.9858,74.9858,0,37,239179,8,-90,0
658,74.9858,74.9858,0,37,239179,8,-90,0
659,74.9858,74.9858,0,37,239179,8,-90,0
660,74.9858,74.9858,0,37,239179,8,-90,0
661,74.9858,74.9858,0,37,239179,8,-90,0
662,74.9858,74.9858,0,37,239179,8,-90,0
663,74.9858,74.9858,0,37,239179,8,-90,0
664,74.9858,74.9858,0,37,239179,8,-90,0
665,74.9858,74.9858,0,37,239179,8,-90,0
666,74.9858,74.9858,0,37,239179,8,-90,0
667,74.9858,74.9858,0,37,239179,8,-90,0
668,74.9858,74.9858,0,37,239179,8,-90,0
669,74.9858,74.9858,0,37,239179,8,-90,0
670,74.9858,74.9858,0,37,239179,8,-90,0
671,74.9858,74.9858,0,37,239179,8,-90,0
672,74.9858,74.9858,0,37,239179,8,-90,0
673,74.9858,74.9858,0,37,239179,8,-90,0
674,74.9858,74.9858,0,37,239179,8,-90,0
675,74.9858,74.9858,0,37,239179,8,-90,0
676,74.9858,74.9858,0,37,239179,8,-90,0
677,74.9858,74.9858,0,37,239179,8,-90,0
678,74.9858,74.9858,0,37,239179,8,-90,0
679,74.9858,74.9858,0,37,239179,8,-90,0
680,74.9858,74.9858,0,37,239179,8,-90,0
681,74.9858,74.9858,0,37,239179,8,-90,0
682,74.9858,74.9858,0,37,239179,8,-90,0
683,74.9858,74.9858,0,37,239179,8,-90,0
684,74.9858,74.9858,0,37,239179,8,-90,0
685,74.9858,74.9858,0,37,239179,8,-90,0
686,74.9858,74.9858,0,37,239179,8,-90,0
687,74.9858,74.9858,0,37,239179,8,-90,0
688,74.9858,74.9858,0,37,239179,8,-90,0
689,74.9858,74.9858,0,37,239179,8,-90,0
690,74.9858,74.9858,0,37,239179,8,-90,0
691,74.9858,74.9858,0,37,239179,8,-90,0
692,74.9858,74.9858,0,37,239179,8,-90,0
693,74.9858,74.9858,0,37,239179,8,-90,0
694,74.9858,74.9858,0,37,239179,8,-90,0
695,74.9858,74.9858,0,37,239179,8,-90,0
696,74.9858,74.9858,0,37,239179,8,-90,0
697,74.9858,74.9858,0,37,239179,8,-90,0
698,74.9858,74.9858,0,37,239179,8,-90,0
699,74.9858,74.9858,0,37,239179,8,-90,0
700,74.9858,74.9858,0,37,239179,8,-90,0
701,74.9858,74.9858,0,37,239179,8,-90,0
702,74.9858,74.9858,0,37,239179,8,-90,0
703,74.9858,74.9858,0,37,239179,8,-90,0
704,74.9858,74.9858,0,37,239179,8,-90,0
705,74.9858,74.9858,0,37,239179,8,-90,0
706,74.9858,74.9858,0,37,239179,8,-90,0
707,74.9858,74.9858,0,37,239179,8,-90,0
708,74.9858,74.9858,0,37,239179,8,-90,0
709,74.9858,74.9858,0,37,239179,8,-90,0
710,74.9858,74.9858,0,37,239179,8,-90,0
711,74.9858,74.9858,0,37,239179,8,-90,0
712,74.9858,74.9858,0,37,239179,8,-90,0
713,74.9858,74.9858,0,37,239179,8,-90,0
714,74.9858,74.9858,0,37,239179,8,-90,0
715,74.9858,74.9858,0,37,239179,8,-90,0
716,74.9858,74.9858,0,37,239179,8,-90,0
717,74.9858,74.9858,0,37,239179,8,-90,0
718,74.9858,74.9858,0,37,239179,8,-90,0
719,74.9858,74.9858,0,37,239179,8,-90,0
720,74.9858,74.9858,0,37,239179,8,-90,0
721,74.9858,74.9858,0,37,239179,8,-90,0
722,74.9858,74.9858,0,37,239179,8,-90,0
723,74.9858,74.9858,0,37,239179,8,-90,0
724,74.9858,74.9858,0,37,239179,8,-90,0
725,74.9858,74.9858,0,37,239179,8,-90,0
726,74.9858,74.9858,0,37,239179,8,-90,0
727,74.9858,74.9858,0,37,239179,8,-90,0
728,74.9858,74.9858,0,37,239179,8,-90,0
729,74.9858,74.9858,0,37,239179,8,-90,0
730,74.9858,74.9858,0,37,239179,8,-90,0
731,74.9858,74.9858,0,37,239179,8,-90,0
732,74.9858,74.9858,0,37,239179,8,-90,0
733,74.9858,74.9858,0,37,239179,8,-90,0
734,74.9858,74.9858,0,37,239179,8,-90,0
735,74.9858,74.9858,0,37,239179,8,-90,0
736,74.9858,74.9858,0,37,239179,8,-90,0
737,74.9858,74.9858,0,37,239179,8,-90,0
738,74.9858,74.9858,0,37,239179,8,-90,0
739,74.9858,74.9858,0,37,239179,8,-90,0
740,74.9858,74.9858,0,37,239179,8,-90,0
741,74.9858,74.9858,0,37,239179,8,-90,0
742,74.9858,74.9858,0,37,239179,8,-90,0
743,74.9858,74.9858,0,37,239179,8,-90,0
744,74.9858,74.9858,0,37,239179,8,-90,0
745,74.9858,74.9858,0,37,239179,8,-90,0
746,74.9858,74.9858,0,37,239179,8,-90,0
747,74.9858,74.9858,0,37,239179,8,-90,0
748,74.9858,74.9858,0,37,239179,8,-90,0
749,74.9858,74.9858,0,37,239179,8,-90,0
750,74.9858,74.9858,0,37,239179,8,-90,0
751,74.9858,74.9858,0,37,239179,8,-90,0
752,74.9858,74.9858,0,37,239179,8,-90,0
753,74.9858,74.9858,0,37,239179,8,-90,0
754,74.9858,74.9858,0,37,239179,8,-90,0
755,74.9858,74.9858,0,37,239179,8,-90,0
756,74.9858,74.9858,0,37,239179,8,-90,0
757,74.9858,74.9858,0,37,239179,8,-90,0
758,74.9858,74.9858,0,37,239179,8,-90,0
759,74.9858,74.9858,0,37,239179,8,-90,0
760,74.9858,74.9858,0,37,239179,8,-90,0
761,74.9858,74.9858,0,37,239179,8,-90,0
762,74.9858,74.9858,0,37,239179,8,-90,0
763,74.9858,74.9858,0,37,239179,8,-90,0
764,74.9858,74.9858,0,37,239179,8,-90,0
765,74.9858,74.9858,0,37,239179,8,-90,0
766,74.9858,74.9858,0,37,239179,8,-90,0
767,74.9858,74.9858,0,37,239179,8,-90,0
768,74.9858,74.9858,0,37,239179,8,-90,0
769,74.9858,74.9858,0,37,239179,8,-90,0
770,74.9858,74.9858,0,37,239179,8,-90,0
771,74.9858,74.9858,0,37,239179,8,-90,0
772,74.9858,74.9858,0,37,239179,8,-90,0
773,74.9858,74.9858,0,37,239179,8,-90,0
774,74.9858,74.9858,0,37,239179,8,-90,0
775,74.9858,74.9858,0,37,239179,8,-90,0
776,74.9858,74.9858,0,37,239179,8,-90,0
777,74.9858,74.9858,0,37,239179,8,-90,0
778,74.9858,74.9858,0,37,239179,8,-90,0
779,74.9858,74.9858,0,37,239179,8,-90,0
780,74.9858,74.9858,0,37,239179,8,-90,0
781,74.9858,74.9858,0,37,239179,8,-90,0
782,74.9858,74.9858,0,37,239179,8,-90,0
783,74.9858,74.9858,0,37,239179,8,-90,0
784,74.9858,74.9858,0,37,239179,8,-90,0
785,74.9858,74.9858,0,37,239179,8,-90,0
786,74.9858,74.9858,0,37,239179,8,-90,0
787,74.9858,74.9858,0,37,239179,8,-90,0
788,74.9858,74.9858,0,37,239179,8,-90,0
789,74.9858,74.9858,0,37,239179,8,-90,0
790,74.9858,74.9858,0,37,239179,8,-90,0
791,74.9858,74.9858,0,37,239179,8,-90,0
792,74.9858,74.9858,0,37,239179,8,-90,0
793,74.9858,74.9858,0,37,239179,8,-90,0
794,74.9858,74.9858,0,37,239179,8,-90,0
795,74.9858,74.9858,0,37,239179,8,-90,0
796,74.9858,74.9858,0,37,239179,8,-90,0
797,74.9858,74.9858,0,37,239179,8,-90,0
798,74.9858,74.9858,0,37,239179,8,-90,0
799,74.9858,74.9858,0,37,239179,8,-90,0
800,74.9858,74.9858,0,37,239179,8,-90,0
801,74.9858,74.9858,0,37,239179,8,-90,0
802,74.9858,74.9858,0,37,239179,8,-90,0
803,74.9858,74.9858,0,37,239179,8,-90,0
804,74.9858,74.9858,0,37,239179,8,-90,0
805,74.9858,74.9858,0,37,239179,8,-90,0
806,74.9858,74.9858,0,37,239179,8,-90,0
807,74.9858,74.9858,0,37,239179,8,-90,0
808,74.9858,74.9858,0,37,239179,8,-90,0
809,74.9858,74.9858,0,37,239179,8,-90,0
810,74.9858,74.9858,0,37,239179,8,-90,0
811,74.9858,74.9858,0,37,239179,8,-90,0
812,74.9858,74.9858,0,37,239179,8,-90,0
813,74.9858,74.9858,0,37,239179,8,-90,0
814,74.9858,74.9858,0,37,239179,8,-90,0
815,74.9858,74.9858,0,37,239179,8,-90,0
816,74.9858,74.9858,0,37,239179,8,-90,0
817,74.9858,74.9858,0,37,239179,8,-90,0
818,74.9858,74.9858,0,37,239179,8,-90,0
819,74.9858,74.9858,0,37,239179,8,-90,0
820,74.9858,74.9858,0,37,239179,8,-90,0
821,74.9858,74.9858,0,37,239179,8,-90,0
822,74.9858,74.9858,0,37,239179,8,-90,0
823,74.9858,74.9858,0,37,239179,8,-90,0
824,74.9858,74.9858,0,37,239179,8,-90,0
825,74.9858,74.9858,0,37,239179,8,-90,0
826,74.9858,74.9858,0,37,239179,8,-90,0
827,74.9858,74.9858,0,37,239179,8,-90,0
828,74.9858,74.9858,0,37,239179,8,-90,0
829,74.9858,74.9858,0,37,239179,8,-90,0
830,74.9858,74.9858,0,37,239179,8,-90,0
831,74.9858,74.9858,0,37,239179,8,-90,0
832,74.9858,74.9858,0,37,239179,8,-90,0
833,74.9858,74.9858,0,37,239179,8,-90,0
834,74.9858,74.9858,0,37,239179,8,-90,0
835,74.9858,74.9858,0,37,239179,8,-90,0
836,74.9858,74.9858,0,37,239179,8,-90,0
837,74.9858,74.9858,0,37,239179,8,-90,0
838,74.9858,74.9858,0,37,239179,8,-90,0
839,74.9858,74.9858,0,37,239179,8,-90,0
840,74.9858,74.9858,0,37,239179,8,-90,0
841,74.9858,74.9858,0,37,239179,8,-90,0
842,74.9858,74.9858,0,37,239179,8,-90,0
843,74.9858,74.9858,0,37,239179,8,-90,0
844,74.9858,74.9858,0,37,239179,8,-90,0
845,74.9858,74.9858,0,37,239179,8,-90,0
846,74.9858,74.9858,0,37,239179,8,-90,0
847,74.9858,74.9858,0,37,239179,8,-90,0
848,74.9858,74.9858,0,37,239179,8,-90,0
849,74.9858,74.9858,0,37,239179,8,-90,0
850,74.9858,74.9858,0,37,239179,8,-90,0
851,74.9858,74.9858,0,37,239179,8,-90,0
852,74.9858,74.9858,0,37,239179,8,-90,0
853,74.9858,74.9858,0,37,239179,8,-90,0
854,74.9858,74.9858,0,37,239179,8,-90,0
855,74.9858,74.9858,0,37,239179,8,-90,0
856,74.9858,74.9858,0,37,239179,8,-90,0
857,74.9858,74.9858,0,37,239179,8,-90,0
858,74.9858,74.9858,0,37,239179,8,-90,0
859,74.9858,74.9858,0,37,239179,8,-90,0
860,74.9858,74.9858,0,37,239179,8,-90,0
861,74.9858,74.9858,0,37,239179,8,-90,0
862,74.9858,74.9858,0,37,239179,8,-90,0
863,74.9858,74.9858,0,37,239179,8,-90,0
864,74.9858,74.9858,0,37,239179,8,-90,0
865,74.9858,74.9858,0,37,239179,8,-90,0
866,74.9858,74.9858,0,37,239179,8,-90,0
867,74.9858,74.9858,0,37,239179,8,-90,0
868,74.9858,74.9858,0,37,239179,8,-90,0
869,74.9858,74.9858,0,37,239179,8,-90,0
870,74.9858,74.9858,0,37,239179,8,-90,0
871,74.9858,74.9858,0,37,239179,8,-90,0
872,74.9858,74.9858,0,37,239179,8,-90,0
873,74.9858,74.9858,0,37,239179,8,-90,0
874,74.9858,74.9858,0,37,239179,8,-90,0
875,74.9858,74.9858,0,37,239179,8,-90,0
876,74.9858,74.9858,0,37,239179,8,-90,0
877,74.9858,74.9858,0,37,239179,8,-90,0
878,74.9858,74.9858,0,37,239179,8,-90,0
879,74.9858,74.9858,0,37,239179,8,-90,0
880,74.9858,74.9858,0,37,239179,8,-90,0
881,74.9858,74.9858,0,37,239179,8,-90,0
882,74.9858,74.9858,0,37,239179,8,-90,0
883,74.9858,74.9858,0,37,239179,8,-90,0
884,74.9858,74.9858,0,37,239179,8,-90,0
885,74.9858,74.9858,0,37,239179,8,-90,0
886,74.9858,74.9858,0,37,239179,8,-90,0
887,74.9858,74.9858,0,37,239179,8,-90,0
888,74.9858,74.9858,0,37,239179,8,-90,0
889,74.9858,74.9858,0,37,239179,8,-90,0
890,74.9858,74.9858,0,37,239179,8,-90,0
891,74.9858,74.9858,0,37,239179,8,-90,0
892,74.9858,74.9858,0,37,239179,8,-90,0
893,74.9858,74.9858,0,37,239179,8,-90,0
894,74.9858,74.9858,0,37,239179,8,-90,0
895,74.9858,74.9858,0,37,239179,8,-90,0
896,74.9858,74.9858,0,37,239179,8,-90,0
897,74.9858,74.9858,0,37,239179,8,-90,0
898,74.9858,74.9858,0,37,239179,8,-90,0
899,74.9858,74.9858,0,37,239179,8,-90,0
900,74.9858,74.9858,0,37,239179,8,-90,0
901,74.9858,74.9858,0,37,239179,8,-90,0
902,74.9858,74.9858,0,37,239179,8,-90,0
903,74.9858,74.9858,0,37,239179,8,-90,0
904,74.9858,74.9858,0,37,239179,8,-90,0
905,74.9858,74.9858,0,37,239179,8,-90,0
906,74.9858,74.9858,0,37,239179,8,-90,0
907,74.9858,74.9858,0,37,239179,8,-90,0
908,74.9858,74.9858,0,37,239179,8,-90,0
909,74.9858,74.9858,0,37,239179,8,-90,0
910,74.9858,74.9858,0,37,239179,8,-90,0
911,74.9858,74.9858,0,37,239179,8,-90,0
912,74.9858,74.9858,0,37,239179,8,-90,0
913,74.9858,74.9858,0,37,239179,8,-90,0
914,74.9858,74.9858,0,37,239179,8,-90,0
915,74.9858,74.9858,0,37,239179,8,-90,0
916,74.9858,74.9858,0,37,239179,8,-90,0
917,74.9858,74.9858,0,37,239179,8,-90,0
918,74.9858,74.9858,0,37,239179,8,-90,0
919,74.9858,74.9858,0,37,239179,8,-90,0
920,74.9858,74.9858,0,37,239179,8,-90,0
921,74.9858,74.9858,0,37,239179,8,-90,0
922,74.9858,74.9858,0,37,239179,8,-90,0
923,74.9858,74.9858,0,37,239179,8,-90,0
924,74.9858,74.9858,0,37,239179,8,-90,0
925,74.9858,74.9858,0,37,239179,8,-90,0
926,74.9858,74.9858,0,37,239179,8,-90,0
927,74.9858,74.9858,0,37,239179,8,-90,0
928,74.9858,74.9858,0,37,239179,8,-90,0
929,74.9858,74.9858,0,37,239179,8,-90,0
930,74.9858,74.9858,0,37,239179,8,-90,0
931,74.9858,74.9858,0,37,239179,8,-90,0
932,74.9858,74.9858,0,37,239179,8,-90,0
933,74.9858,74.9858,0,37,239179,8,-90,0
934,74.9858,74.9858,0,37,239179,8,-90,0
935,74.9858,74.9858,0,37,239179,8,-90,0
936,74.9858,74.9858,0,37,239179,8,-90,0
937,74.9858,74.9858,0,37,239179,8,-90,0
938,74.9858,74.9858,0,37,239179,8,-90,0
939,74.9858,74.9858,0,37,239179,8,-90,0
940,74.9858,74.9858,0,37,239179,8,-90,0
941,74.9858,74.9858,0,37,239179,8,-90,0
942,74.9858,74.9858,0,37,239179,8,-90,0
943,74.9858,74.9858,0,37,239179,8,-90,0
944,74.9858,74.9858,0,37,239179,8,-90,0
945,74.9858,74.9858,0,37,239179,8,-90,0
946,74.9858,74.9858,0,37,239179,8,-90,0
947,74.9858,74.9858,0,37,239179,8,-90,0
948,74.9858,74.9858,0,37,239179,8,-90,0
949,74.9858,74.9858,0,37,239179,8,-90,0
950,74.9858,74.9858,0,37,239179,8,-90,0
951,74.9858,74.9858,0,37,239179,8,-90,0
952,74.9858,74.9858,0,37,239179,8,-90,0
953,74.9858,74.9858,0,37,239179,8,-90,0
954,74.9858,74.9858,0,37,239179,8,-90,0
955,74.9858,74.9858,0,37,239179,8,-90,0
956,74.9858,74.9858,0,37,239179,8,-90,0
957,74.9858,74.9858,0,37,239179,8,-90,0
958,74.9858,74.9858,0,37,239179,8,-90,0
959,74.9858,74.9858,0,37,239179,8,-90,0
960,74.9858,74.9858,0,37,239179,8,-90,0
961,74.9858,74.9858,0,37,239179,8,-90,0
962,74.9858,74.9858,0,37,239179,8,-90,0
963,74.9858,74.9858,0,37,239179,8,-90,0
964,74.9858,74.9858,0,37,239179,8,-90,0
965,74.9858,74.9858,0,37,239179,8,-90,0
966,74.9858,74.9858,0,37,239179,8,-90,0
967,74.9858,74.9858,0,37,239179,8,-90,0
968,74.9858,74.9858,0,37,239179,8,-90,0
969,74.9858,74.9858,0,37,239179,8,-90,0
970,74.9858,74.9858,0,37,239179,8,-90,0
971,74.9858,74.9858,0,37,239179,8,-90,0
972,74.9858,74.9858,0,37,239179,8,-90,0
973,74.9858,74.9858,0,37,239179,8,-90,0
974,74.9858,74.9858,0,37,239179,8,-90,0
975,74.9858,74.9858,0,37,239179,8,-90,0
976,74.9858,74.9858,0,37,239179,8,-90,0
977,74.9858,74.9858,0,37,239179,8,-90,0
978,74.9858,74.9858,0,37,239179,8,-90,0
979,74.9858,74.9858,0,37,239179,8,-90,0
980,74.9858,74.9858,0,37,239179,8,-90,0
981,74.9858,74.9858,0,37,239179,8,-90,0
982,74.9858,74.9858,0,37,239179,8,-90,0
983,74.9858,74.9858,0,37,239179,8,-90,0
984,74.9858,74.9858,0,37,239179,8,-90,0
985,74.9858,74.9858,0,37,239179,8,-90,0
986,74.9858,74.9858,0,37,239179,8,-90,0
987,74.9858,74.9858,0,37,239179,8,-90,0
988,74.9858,74.9858,0,37,239179,8,-90,0
989,74.9858,74.9858,0,37,239179,8,-90,0
990,74.9858,74.9858,0,37,239179,8,-90,0
991,74.9858,74.9858,0,37,239179,8,-90,0
992,74.9858,74.9858,0,37,239179,8,-90,0
993,74.9858,74.9858,0,37,239179,8,-90,0
994,74.9858,74.9858,0,37,239179,8,-90,0
995,74.9858,74.9858,0,37,239179,8,-90,0
996,74.9858,74.9858,0,37,239179,8,-90,0
997,74.9858,74.9858,0,37,239179,8,-90,0
998,74.9858,74.9858,0,37,239179,8,-90,0
999,74.9858,74.9858,0,37,239179,8,-90,0
1000,74.9858,74.9858,0,37,239179,8,-90,0
1001,74.9858,74.9858,0,37,239179,8,-90,0
1002,74.9858,74.9858,0,37,239179,8,-90,0
1003,74.9858,74.9858,0,37,239179,8,-90,0
1004,74.9858,74.9858,0,37,239179,8,-90,0
1005,74.9858,74.9858,0,37,239179,8,-90,0
1006,74.9858,74.9858,0,37,239179,8,-90,0
1007,74.9858,74.9858,0,37,239179,8,-90,0
1008,74.9858,74.9858,0,37,239179,8,-90,0
1009,74.9858,74.9858,0,37,239179,8,-90,0
1010,74.9858,74.9858,0,37,239179,8,-90,0
1011,74.9858,74.9858,0,37,239179,8,-90,0
1012,74.9858,74.9858,0,37,239179,8,-90,0
1013,74.9858,74.9858,0,37,239179,8,-90,0
1014,74.9858,74.9858,0,37,239179,8,-90,0
1015,74.9858,74.9858,0,37,239179,8,-90,0
1016,74.9858,74.9858,0,37,239179,8,-90,0
1017,74.9858,74.9858,0,37,239179,8,-90,0
1018,74.9858,74.9858,0,37,239179,8,-90,0
1019,74.9858,74.9858,0,37,239179,8,-90,0
1020,74.9858,74.9858,0,37,239179,8,-90,0
1021,74.9858,74.9858,0,37,239179,8,-90,0
1022,74.9858,74.9858,0,37,239179,8,-90,0
1023,74.9858,74.9858,0,37,239179,8,-90,0
1024,74.9858,74.9858,0,37,239179,8,-90,0
1025,74.9858,74.9858,0,37,239179,8,-90,0
1026,74.9858,74.9858,0,37,239179,8,-90,0
1027,74.9858,74.9858,0,37,239179,8,-90,0
1028,74.9858,74.9858,0,37,239179,8,-90,0
1029,74.9858,74.9858,0,37,239179,8,-90,0
1030,74.9858,74.9858,0,37,239179,8,-90,0
1031,74.9858,74.9858,0,37,239179,8,-90,0
1032,74.9858,74.9858,0,37,239179,8,-90,0
1033,74.9858,74.9858,0,37,239179,8,-90,0
1034,74.9858,74.9858,0,37,239179,8,-90,0
1035,74.9858,74.9858,0,37,239179,8,-90,0
1036,74.9858,74.9858,0,37,239179,8,-90,0
1037,74.9858,74.9858,0,37,239179,8,-90,0
1038,74.9858,74.9858,0,37,239179,8,-90,0
1039,74.9858,74.9858,0,37,239179,8,-90,0
1040,74.9858,74.9858,0,37,239179,8,-90,0
1041,74.9858,74.9858,0,37,239179,8,-90,0
1042,74.9858,74.9858,0,37,239179,8,-90,0
1043,74.9858,74.9858,0,37,239179,8,-90,0
1044,74.9858,74.9858,0,37,239179,8,-90,0
1045,74.9858,74.9858,0,37,239179,8,-90,0
1046,74.9858,74.9858,0,37,239179,8,-90,0
1047,74.9858,74.9858,0,37,239179,8,-90,0
1048,74.9858,74.9858,0,37,239179,8,-90,0
1049,74.9858,74.9858,0,37,239179,8,-90,0
1050,74.9858,74.9858,0,37,239179,8,-90,0
1051,74.9858,74.9858,0,37,239179,8,-90,0
1052,74.9858,74.9858,0,37,239179,8,-90,0
1053,74.9858,74.9858,0,37,239179,8,-90,0
1054,74.9858,74.9858,0,37,239179,8,-90,0
1055,74.9858,74.9858,0,37,239179,8,-90,0
1056,74.9858,74.9858,0,37,239179,8,-90,0
1057,74.9858,74.9858,0,37,239179,8,-90,0
1058,74.9858,74.9858,0,37,239179,8,-90,0
1059,74.9858,74.9858,0,37,239179,8,-90,0
1060,74.9858,74.9858,0,37,239179,8,-90,0
1061,74.9858,74.9858,0,37,239179,8,-90,0
1062,74.9858,74.9858,0,37,239179,8,-90,0
1063,74.9858,74.9858,0,37,239179,8,-90,0
1064,74.9858,74.9858,0,37,239179,8,-90,0
1065,74.9858,74.9858,0,37,239179,8,-90,0
1066,74.9858,74.9858,0,37,239179,8,-90,0
1067,74.9858,74.9858,0,37,239179,8,-90,0
1068,74.9858,74.9858,0,37,239179,8,-90,0
1069,74.9858,74.9858,0,37,239179,8,-90,0
1070,74.9858,74.9858,0,37,239179,8,-90,0
1071,74.9858,74.9858,0,37,239179,8,-90,0
1072,74.9858,74.9858,0,37,239179,8,-90,0
1073,74.9858,74.9858,0,37,239179,8,-90,0
1074,74.9858,74.9858,0,37,239179,8,-90,0
1075,74.9858,74.9858,0,37,239179,8,-90,0
1076,74.9858,74.9858,0,37,239179,8,-90,0
1077,74.9858,74.9858,0,37,239179,8,-90,0
1078,74.9858,74.9858,0,37,239179,8,-90,0
1079,74.9858,74.9858,0,37,239179,8,-90,0
1080,74.9858,74.9858,0,37,239179,8,-90,0
1081,74.9858,74.9858,0,37,239179,8,-90,0
1082,74.9858,74.9858,0,37,239179,8,-90,0
1083,74.9858,74.9858,0,37,239179,8,-90,0
1084,74.9858,74.9858,0,37,239179,8,-90,0
1085,74.9858,74.9858,0,37,239179,8,-90,0
1086,74.9858,74.9858,0,37,239179,8,-90,0
1087,74.9858,74.9858,0,37,239179,8,-90,0
1088,74.9858,74.9858,0,37,239179,8,-90,0
1089,74.9858,74.9858,0,37,239179,8,-90,0
1090,74.9858,74.9858,0,37,239179,8,-90,0
1091,74.9858,74.9858,0,37,239179,8,-90,0
1092,74.9858,74.9858,0,37,239179,8,-90,0
1093,74.9858,74.9858,0,37,239179,8,-90,0
1094,74.9858,74.9858,0,37,239179,8,-90,0
1095,74.9858,74.9858,0,37,239179,8,-90,0
1096,74.9858,74.9858,0,37,239179,8,-90,0
1097,74.9858,74.9858,0,37,239179,8,-90,0
1098,74.9858,74.9858,0,37,239179,8,-90,0
1099,74.9858,74.9858,0,37,239179,8,-90,0
1100,74.9858,74.9858,0,37,239179,8,-90,0
1101,74.9858,74.9858,0,37,239179,8,-90,0
1102,74.9858,74.9858,0,37,239179,8,-90,0
1103,74.9858,74.9858,0,37,239179,8,-90,0
1104,74.9858,74.9858,0,37,239179,8,-90,0
1105,74.9858,74.9858,0,37,239179,8,-90,0
1106,74.9858,74.9858,0,37,239179,8,-90,0
1107,74.9858,74.9858,0,37,239179,8,-90,0
1108,74.9858,74.9858,0,37,239179,8,-90,0
1109,74.9858,74.9858,0,37,239179,8,-90,0
1110,74.9858,74.9858,0,37,239179,8,-90,0
1111,74.9858,74.9858,0,37,239179,8,-90,0
1112,74.9858,74.9858,0,37,239179,8,-90,0
1113,74.9858,74.9858,0,37,239179,8,-90,0
1114,74.9858,74.9858,0,37,239179,8,-90,0
1115,74.9858,74.9858,0,37,239179,8,-90,0
1116,74.9858,74.9858,0,37,239179,8,-90,0
1117,74.9858,74.9858,0,37,239179,8,-90,0
1118,74.9858,74.9858,0,37,239179,8,-90,0
1119,74.9858,74.9858,0,37,239179,8,-90,0
1120,74.9858,74.9858,0,37,239179,8,-90,0
1121,74.9858,74.9858,0,37,239179,8,-90,0
1122,74.9858,74.9858,0,37,239179,8,-90,0
1123,74.9858,74.9858,0,37,239179,8,-90,0
1124,74.9858,74.9858,0,37,239179,8,-90,0
1125,74.9858,74.9858,0,37,239179,8,-90,0
1126,74.9858,74.9858,0,37,239179,8,-90,0
1127,74.9858,74.9858,0,37,239179,8,-90,0
1128,74.9858,74.9858,0,37,239179,8,-90,0
1129,74.9858,74.9858,0,37,239179,8,-90,0
1130,74.9858,74.9858,0,37,239179,8,-90,0
1131,74.9858,74.9858,0,37,239179,8,-90,0
1132,74.9858,74.9858,0,37,239179,8,-90,0
1133,74.9858,74.9858,0,37,239179,8,-90,0
1134,74.9858,74.9858,0,37,239179,8,-90,0
1135,74.9858,74.9858,0,37,239179,8,-90,0
1136,74.9858,74.9858,0,37,239179,8,-90,0
1137,74.9858,74.9858,0,37,239179,8,-90,0
1138,74.9858,74.9858,0,37,239179,8,-90,0
1139,74.9858,74.9858,0,37,239179,8,-90,0
1140,74.9858,74.9858,0,37,239179,8,-90,0
1141,74.9858,74.9858,0,37,239179,8,-90,0
1142,74.9858,74.9858,0,37,239179,8,-90,0
1143,74.9858,74.9858,0,37,239179,8,-90,0
1144,74.9858,74.9858,0,37,239179,8,-90,0
1145,74.9858,74.9858,0,37,239179,8,-90,0
1146,74.9858,74.9858,0,37,239179,8,-90,0
1147,74.9858,74.9858,0,37,239179,8,-90,0
1148,74.9858,74.9858,0,37,239179,8,-90,0
1149,74.9858,74.9858,0,37,239179,8,-90,0
1150,74.9858,74.9858,0,37,239179,8,-90,0
1151,74.9858,74.9858,0,37,239179,8,-90,0
1152,74.9858,74.9858,0,37,239179,8,-90,0
1153,74.9858,74.9858,0,37,239179,8,-90,0
1154,74.9858,74.9858,0,37,239179,8,-90,0
1155,74.9858,74.9858,0,37,239179,8,-90,0
1156,74.9858,74.9858,0,37,239179,8,-90,0
1157,74.9858,74.9858,0,37,239179,8,-90,0
1158,74.9858,74.9858,0,37,239179,8,-90,0
1159,74.9858,74.9858,0,37,239179,8,-90,0
1160,74.9858,74.9858,0,37,239179,8,-90,0
1161,74.9858,74.9858,0,37,239179,8,-90,0
1162,74.9858,74.9858,0,37,239179,8,-90,0
1163,74.9858,74.9858,0,37,239179,8,-90,0
1164,74.9858,74.9858,0,37,239179,8,-90,0
1165,74.9858,74.9858,0,37,239179,8,-90,0
1166,74.9858,74.9858,0,37,239179,8,-90,0
1167,74.9858,74.9858,0,37,239179,8,-90,0
1168,74.9858,74.9858,0,37,239179,8,-90,0
1169,74.9858,74.9858,0,37,239179,8,-90,0
1170,74.9858,74.9858,0,37,239179,8,-90,0
1171,74.9858,74.9858,0,37,239179,8,-90,0
1172,74.9858,74.9858,0,37,239179,8,-90,0
1173,74.9858,74.9858,0,37,239179,8,-90,0
1174,74.9858,74.9858,0,37,239179,8,-90,0
1175,74.9858,74.9858,0,37,239179,8,-90,0
1176,74.9858,74.9858,0,37,239179,8,-90,0
1177,74.9858,74.9858,0,37,239179,8,-90,0
1178,74.9858,74.9858,0,37,239179,8,-90,0
1179,74.9858,74.9858,0,37,239179,8,-90,0
1180,74.9858,74.9858,0,37,239179,8,-90,0
1181,74.9858,74.9858,0,37,239179,8,-90,0
1182,74.9858,74.9858,0,37,239179,8,-90,0
1183,74.9858,74.9858,0,37,239179,8,-90,0
1184,74.9858,74.9858,0,37,239179,8,-90,0
1185,74.9858,74.9858,0,37,239179,8,-90,0
1186,74.9858,74.9858,0,37,239179,8,-90,0
1187,74.9858,74.9858,0,37,239179,8,-90,0
1188,74.9858,74.9858,0,37,239179,8,-90,0
1189,74.9858,74.9858,0,37,239179,8,-90,0
1190,74.9858,74.9858,0,37,239179,8,-90,0
1191,74.9858,74.9858,0,37,239179,8,-90,0
1192,74.9858,74.9858,0,37,239179,8,-90,0
1193,74.9858,74.9858,0,37,239179,8,-90,0
1194,74.9858,74.9858,0,37,239179,8,-90,0
1195,74.9858,74.9858,0,37,239179,8,-90,0
1196,74.9858,74.9858,0,37,239179,8,-90,0
1197,74.9858,74.9858,0,37,239179,8,-90,0
1198,74.9858,74.9858,0,37,239179,8,-90,0
1199,74.9858,74.9858,0,37,239179,8,-90,0
1200,74.9858,74.9858,0,37,239179,8,-90,0
1201,74.9858,74.9858,0,37,239179,8,-90,0
1202,74.9858,74.9858,0,37,239179,8,-90,0
1203,74.9858,74.9858,0,37,239179,8,-90,0
1204,74.9858,74.9858,0,37,239179,8,-90,0
1205,74.9858,74.9858,0,37,239179,8,-90,0
1206,74.9858,74.9858,0,37,239179,8,-90,0
1207,74.9858,74.9858,0,37,239179,8,-90,0
1208,74.9858,74.9858,0,37,239179,8,-90,0
1209,74.9858,74.9858,0,37,239179,8,-90,0
1210,74.9858,74.9858,0,37,239179,8,-90,0
1211,74.9858,74.9858,0,37,239179,8,-90,0
1212,74.9858,74.9858,0,37,239179,8,-90,0
1213,74.9858,74.9858,0,37,239179,8,-90,0
1214,74.9858,74.9858,0,37,239179,8,-90,0
1215,74.9858,74.9858,0,37,239179,8,-90,0
1216,74.9858,74.9858,0,37,239179,8,-90,0
1217,74.9858,74.9858,0,37,239179,8,-90,0
1218,74.9858,74.9858,0,37,239179,8,-90,0
1219,74.9858,74.9858,0,37,239179,8,-90,0
1220,74.9858,74.9858,0,37,239179,8,-90,0
1221,74.9858,74.9858,0,37,239179,8,-90,0
1222,74.9858,74.9858,0,37,239179,8,-90,0
1223,74.9858,74.9858,0,37,239179,8,-90,0
1224,74.9858,74.9858,0,37,239179,8,-90,0
1225,74.9858,74.9858,0,37,239179,8,-90,0
1226,74.9858,74.9858,0,37,239179,8,-90,0
1227,74.9858,74.9858,0,37,239179,8,-90,0
1228,74.9858,74.9858,0,37,239179,8,-90,0
1229,74.9858,74.9858,0,37,239179,8,-90,0
1230,74.9858,74.9858,0,37,239179,8,-90,0
1231,74.9858,74.9858,0,37,239179,8,-90,0
1232,74.9858,74.9858,0,37,239179,8,-90,0
1233,74.9858,74.9858,0,37,239179,8,-90,0
1234,74.9858,74.9858,0,37,239179,8,-90,0
1235,74.9858,74.9858,0,37,239179,8,-90,0
1236,74.9858,74.9858,0,37,239179,8,-90,0
1237,74.9858,74.9858,0,37,239179,8,-90,0
1238,74.9858,74.9858,0,37,239179,8,-90,0
1239,74.9858,74.9858,0,37,239179,8,-90,0
1240,74.9858,74.9858,0,37,239179,8,-90,0
1241,74.9858,74.9858,0,37,239179,8,-90,0
1242,74.9858,74.9858,0,37,239179,8,-90,0
1243,74.9858,74.9858,0,37,239179,8,-90,0
1244,74.9858,74.9858,0,37,239179,8,-90,0
1245,74.9858,74.9858,0,37,239179,8,-90,0
1246,74.9858,74.9858,0,37,239179,8,-90,0
1247,74.9858,74.9858,0,37,239179,8,-90,0
1248,74.9858,74.9858,0,37,239179,8,-90,0
1249,74.9858,74.9858,0,37,239179,8,-90,0
1250,74.9858,74.9858,0,37,239179,8,-90,0
1251,74.9858,74.9858,0,37,239179,8,-90,0
1252,74.9858,74.9858,0,37,239179,8,-90,0
1253,74.9858,74.9858,0,37,239179,8,-90,0
1254,74.9858,74.9858,0,37,239179,8,-90,0
1255,74.9858,74.9858,0,37,239179,8,-90,0
1256,74.9858,74.9858,0,37,239179,8,-90,0
1257,74.9858,74.9858,0,37,239179,8,-90,0
1258,74.9858,74.9858,0,37,239179,8,-90,0
1259,74.9858,74.9858,0,37,239179,8,-90,0
1260,74.9858,74.9858,0,37,239179,8,-90,0
1261,74.9858,74.9858,0,37,239179,8,-90,0
1262,74.9858,74.9858,0,37,239179,8,-90,0
1263,74.9858,74.9858,0,37,239179,8,-90,0
1264,74.9858,74.9858,0,37,239179,8,-90,0
1265,74.9858,74.9858,0,37,239179,8,-90,0
1266,74.9858,74.9858,0,37,239179,8,-90,0
1267,74.9858,74.9858,0,37,239179,8,-90,0
1268,74.9858,74.9858,0,37,239179,8,-90,0
1269,74.9858,74.9858,0,37,239179,8,-90,0
1270,74.9858,74.9858,0,37,239179,8,-90,0
1271,74.9858,74.9858,0,37,239179,8,-90,0
1272,74.9858,74.9858,0,37,239179,8,-90,0
1273,74.9858,74.9858,0,37,239179,8,-90,0
1274,74.9858,74.9858,0,37,239179,8,-90,0
1275,74.9858,74.9858,0,37,239179,8,-90,0
1276,74.9858,74.9858,0,37,239179,8,-90,0
1277,74.9858,74.9858,0,37,239179,8,-90,0
1278,74.9858,74.9858,0,37,239179,8,-90,0
1279,74.9858,74.9858,0,37,239179,8,-90,0
1280,74.9858,74.9858,0,37,239179,8,-90,0
1281,74.9858,74.9858,0,37,239179,8,-90,0
1282,74.9858,74.9858,0,37,239179,8,-90,0
1283,74.9858,74.9858,0,37,239179,8,-90,0
1284,74.9858,74.9858,0,37,239179,8,-90,0
1285,74.9858,74.9858,0,37,239179,8,-90,0
1286,74.9858,74.9858,0,37,239179,8,-90,0
1287,74.9858,74.9858,0,37,239179,8,-90,0
1288,74.9858,74.9858,0,37,239179,8,-90,0
1289,74.9858,74.9858,0,37,239179,8,-90,0
1290,74.9858,74.9858,0,37,239179,8,-90,0
1291,74.9858,74.9858,0,37,239179,8,-90,0
1292,74.9858,74.9858,0,37,239179,8,-90,0
1293,74.9858,74.9858,0,37,239179,8,-90,0
1294,74.9858,74.9858,0,37,239179,8,-90,0
1295,74.9858,74.9858,0,37,239179,8,-90,0
1296,74.9858,74.9858,0,37,239179,8,-90,0
1297,74.9858,74.9858,0,37,239179,8,-90,0
1298,74.9858,74.9858,0,37,239179,8,-90,0
1299,74.9858,74.9858,0,37,239179,8,-90,0
1300,74.9858,74.9858,0,37,239179,8,-90,0
1301,74.9858,74.9858,0,37,239179,8,-90,0
1302,74.9858,74.9858,0,37,239179,8,-90,0
1303,74.9858,74.9858,0,37,239179,8,-90,0
1304,74.9858,74.9858,0,37,239179,8,-90,0
1305,74.9858,74.9858,0,37,239179,8,-90,0
1306,74.9858,74.9858,0,37,239179,8,-90,0
1307,74.9858,74.9858,0,37,239179,8,-90,0
1308,74.9858,74.9858,0,37,239179,8,-90,0
1309,74.9858,74.9858,0,37,239179,8,-90,0
1310,74.9858,74.9858,0,37,239179,8,-90,0
1311,74.9858,74.9858,0,37,239179,8,-90,0
1312,74.9858,74.9858,0,37,239179,8,-90,0
1313,74.9858,74.9858,0,37,239179,8,-90,0
1314,74.9858,74.9858,0,37,239179,8,-90,0
1315,74.9858,74.9858,0,37,239179,8,-90,0
1316,74.9858,74.9858,0,37,239179,8,-90,0
1317,74.9858,74.9858,0,37,239179,8,-90,0
1318,74.9858,74.9858,0,37,239179,8,-90,0
1319,74.9858,74.9858,0,37,239179,8,-90,0
1320,74.9858,74.9858,0,37,239179,8,-90,0
1321,74.9858,74.9858,0,37,239179,8,-90,0
1322,74.9858,74.9858,0,37,239179,8,-90,0
1323,74.9858,74.9858,0,37,239179,8,-90,0
1324,74.9858,74.9858,0,37,239179,8,-90,0
1325,74.9858,74.9858,0,37,239179,8,-90,0
1326,74.9858,74.9858,0,37,239179,8,-90,0
1327,74.9858,74.9858,0,37,239179,8,-90,0
1328,74.9858,74.9858,0,37,239179,8,-90,0
1329,74.9858,74.9858,0,37,239179,8,-90,0
1330,74.9858,74.9858,0,37,239179,8,-90,0
1331,74.9858,74.9858,0,37,239179,8,-90,0
1332,74.9858,74.9858,0,37,239179,8,-90,0
1333,74.9858,74.9858,0,37,239179,8,-90,0
1334,74.9858,74.9858,0,37,239179,8,-90,0
1335,74.9858,74.9858,0,37,239179,8,-90,0
1336,74.9858,74.9858,0,37,239179,8,-90,0
1337,74.9858,74.9858,0,37,239179,8,-90,0
1338,74.9858,74.9858,0,37,239179,8,-90,0
1339,74.9858,74.9858,0,37,239179,8,-90,0
1340,74.9858,74.9858,0,37,239179,8,-90,0
1341,74.9858,74.9858,0,37,239179,8,-90,0
1342,74.9858,74.9858,0,37,239179,8,-90,0
1343,74.9858,74.9858,0,37,239179,8,-90,0
1344,74.9858,74.9858,0,37,239179,8,-90,0
1345,74.9858,74.9858,0,37,239179,8,-90,0
1346,74.9858,74.9858,0,37,239179,8,-90,0
1347,74.9858,74.9858,0,37,239179,8,-90,0
1348,74.9858,74.9858,0,37,239179,8,-90,0
1349,0.00532973,0.00532973,0,37,17,11,-93,0
1350,0.00532973,0.00532973,0,37,17,11,-93,0
1351,0.00532973,0.00532973,0,37,17,11,-93,0
1352,0.00532973,0.00532973,0,37,17,11,-93,0
1353,0.00532973,0.00532973,0,37,17,11,-93,0
1354,0.00532973,0.00532973,0,37,17,11,-93,0
1355,0.00532973,0.00532973,0,37,17,11,-93,0
1356,0.00532973,0.00532973,0,37,17,11,-93,0
1357,0.00532973,0.00532973,0,37,17,11,-93,0
1358,0.00532973,0.00532973,0,37,17,11,-93,0
1359,0.00532973,0.00532973,0,37,17,11,-93,0
1360,0.00532973,0.00532973,0,37,17,11,-93,0
1361,0.00532973,0.00532973,0,37,17,11,-93,0
1362,0.00532973,0.00532973,0,37,17,11,-93,0
1363,0.00532973,0.00532973,0,37,17,11,-93,0
1364,0.00532973,0.00532973,0,37,17,11,-93,0
1365,0.00532973,0.00532973,0,37,17,11,-93,0
1366,0.00532973,0.00532973,0,37,17,11,-93,0
1367,0.00532973,0.00532973,0,37,17,11,-93,0
1368,0.00532973,0.00532973,0,37,17,11,-93,0
1369,0.00532973,0.00532973,0,37,17,11,-93,0
1370,0.00532973,0.00532973,0,37,17,11,-93,0
1371,0.00532973,0.00532973,0,37,17,11,-93,0
1372,0.00532973,0.00532973,0,37,17,11,-93,0
1373,0.00532973,0.00532973,0,37,17,11,-93,0
1374,0.00532973,0.00532973,0,37,17,11,-93,0
1375,0.00532973,0.00532973,0,37,17,11,-93,0
1376,0.00532973,0.00532973,0,37,17,11,-93,0
1377,0.00532973,0.00532973,0,37,17,11,-93,0
1378,0.00532973,0.00532973,0,37,17,11,-93,0
1379,0.00532973,0.00532973,0,37,17,11,-93,0
1380,0.00532973,0.00532973,0,37,17,11,-93,0
1381,0.00532973,0.00532973,0,37,17,11,-93,0
1382,0.00532973,0.00532973,0,37,17,11,-93,0
1383,0.00532973,0.00532973,0,37,17,11,-93,0
1384,0.00532973,0.00532973,0,37,17,11,-93,0
1385,0.00532973,0.00532973,0,37,17,11,-93,0
1386,0.00532973,0.00532973,0,37,17,11,-93,0
1387,0.00532973,0.00532973,0,37,17,11,-93,0
1388,0.00532973,0.00532973,0,37,17,11,-93,0
1389,0.00532973,0.00532973,0,37,17,11,-93,0
1390,0.00532973,0.00532973,0,37,17,11,-93,0
1391,0.00532973,0.00532973,0,37,17,11,-93,0
1392,0.00532973,0.00532973,0,37,17,11,-90,0
1393,0.00532973,0.00532973,0,37,17,11,-93,0
1394,0.00532973,0.00532973,0,37,17,11,-93,0
1395,0.00532973,0.00532973,0,37,17,11,-93,0
1396,0.00532973,0.00532973,0,37,17,11,-93,0
1397,0.00532973,0.00532973,0,37,17,11,-93,0
1398,0.00532973,0.00532973,0,37,17,11,-93,0
1399,0.00532973,0.00532973,0,37,17,11,-93,0
1400,0.00532973,0.00532973,0,37,17,11,-93,0
1401,0.00532973,0.00532973,0,37,17,11,-93,0
1402,0.00532973,0.00532973,0,37,17,11,-93,0
1403,0.00532973,0.00532973,0,37,17,11,-93,0
1404,0.00532973,0.00532973,0,37,17,11,-93,0
1405,0.00532973,0.00532973,0,37,17,11,-93,0
1406,0.00532973,0.00532973,0,37,17,11,-93,0
1407,0.00532973,0.00532973,0,37,17,11,-93,0
1408,0.00532973,0.00532973,0,37,17,11,-93,0
1409,0.00532973,0.00532973,0,37,17,11,-93,0
1410,0.00532973,0.00532973,0,37,17,11,-93,0
1411,0.00532973,0.00532973,0,37,17,11,-93,0
1412,0.00532973,0.00532973,0,37,17,11,-93,0
1413,0.00532973,0.00532973,0,37,17,11,-93,0
1414,0.00532973,0.00532973,0,37,17,11,-93,0
1415,0.00532973,0.00532973,0,37,17,11,-93,0
1416,0.00532973,0.00532973,0,37,17,11,-93,0
1417,0.00532973,0.00532973,0,37,17,11,-93,0
1418,0.00532973,0.00532973,0,37,17,11,-93,0
1419,0.00532973,0.00532973,0,37,17,11,-93,0
1420,0.00532973,0.00532973,0,37,17,11,-93,0
1421,0.00532973,0.00532973,0,37,17,11,-93,0
1422,0.00532973,0.00532973,0,37,17,11,-93,0
1423,0.00532973,0.00532973,0,37,17,11,-93,0
1424,0.00532973,0.00532973,0,37,17,11,-90,0
1425,0.00532973,0.00532973,0,37,17,11,-93,0
1426,0.00532973,0.00532973,0,37,17,11,-93,0
1427,0.00532973,0.00532973,0,37,17,11,-93,0
1428,0.00532973,0.00532973,0,37,17,11,-93,0
1429,0.00532973,0.00532973,0,37,17,11,-93,0
1430,0.00532973,0.00532973,0,37,17,11,-93,0
1431,0.00532973,0.00532973,0,37,17,11,-93,0
1432,0.00532973,0.00532973,0,37,17,11,-93,0
1433,0.00532973,0.00532973,0,37,17,11,-93,0
1434,0.00532973,0.00532973,0,37,17,11,-93,0
1435,0.00532973,0.00532973,0,37,17,11,-93,0
1436,0.00532973,0.00532973,0,37,17,11,-93,0
1437,0.00532973,0.00532973,0,37,17,11,-93,0
1438,0.00532973,0.00532973,0,37,17,11,-93,0
1439,0.00532973,0.00532973,0,37,17,11,-93,0
